Id,fixed acidity,volatile acidity,citric acid,residual sugar,chlorides,free sulfur dioxide,total sulfur dioxide,density,pH,sulphates,alcohol,quality
0,12.0,0.37,0.76,4.2,0.066,7.0,38.0,1.0004,3.22,0.6,13.0,7
1,7.1,0.69,0.08,2.1,0.063,42.0,52.0,0.99608,3.42,0.6,10.2,6
2,9.6,0.5,0.36,2.8,0.11599999999999999,26.0,55.0,0.9972200000000001,3.18,0.68,10.9,5
3,7.7,0.96,0.2,2.0,0.047,15.0,60.0,0.9955,3.36,0.44,10.9,5
4,15.5,0.645,0.49,4.2,0.095,10.0,23.0,1.00315,2.92,0.74,11.1,5
5,11.9,0.38,0.49,2.7,0.098,12.0,42.0,1.0004,3.16,0.61,10.3,5
6,6.0,0.51,0.0,2.1,0.064,40.0,54.0,0.995,3.54,0.93,10.7,6
7,7.4,0.59,0.08,4.4,0.086,6.0,29.0,0.9974,3.38,0.5,9.0,4
8,8.2,1.0,0.09,2.3,0.065,7.0,37.0,0.99685,3.32,0.55,9.0,6
9,9.8,0.5,0.49,2.6,0.25,5.0,20.0,0.9990000000000001,3.31,0.79,10.7,6
10,7.8,0.56,0.19,2.0,0.081,17.0,108.0,0.9962,3.32,0.54,9.5,5
11,7.2,0.66,0.33,2.5,0.068,34.0,102.0,0.9941399999999999,3.27,0.78,12.8,6
12,8.8,0.24,0.35,1.7,0.055,13.0,27.0,0.9939399999999999,3.14,0.59,11.3,7
13,6.9,0.63,0.33,6.7,0.235,66.0,115.0,0.99787,3.22,0.56,9.5,5
14,9.0,0.45,0.49,2.6,0.084,21.0,75.0,0.9987,3.35,0.57,9.7,5
15,7.4,0.52,0.13,2.4,0.078,34.0,61.0,0.9952799999999999,3.43,0.59,10.8,6
16,8.9,0.48,0.53,4.0,0.10099999999999999,3.0,10.0,0.9958600000000001,3.21,0.59,12.1,7
17,5.6,0.62,0.03,1.5,0.08,6.0,13.0,0.99498,3.66,0.62,10.1,4
18,15.5,0.645,0.49,4.2,0.095,10.0,23.0,1.00315,2.92,0.74,11.1,5
19,8.2,0.35,0.33,2.4,0.076,11.0,47.0,0.9959899999999999,3.27,0.81,11.0,6
20,6.7,1.04,0.08,2.3,0.067,19.0,32.0,0.9964799999999999,3.52,0.57,11.0,4
21,8.4,0.31,0.29,3.1,0.19399999999999998,14.0,26.0,0.99536,3.22,0.78,12.0,6
22,8.0,0.77,0.32,2.1,0.079,16.0,74.0,0.99656,3.27,0.5,9.8,6
23,10.4,0.575,0.61,2.6,0.076,11.0,24.0,1.0,3.16,0.69,9.0,5
24,9.6,0.88,0.28,2.4,0.086,30.0,147.0,0.9979,3.24,0.53,9.4,5
25,6.9,0.63,0.01,2.4,0.076,14.0,39.0,0.9952200000000001,3.34,0.53,10.8,6
26,6.5,0.51,0.15,3.0,0.064,12.0,27.0,0.9929,3.33,0.59,12.8,6
27,7.7,1.005,0.15,2.1,0.102,11.0,32.0,0.9960399999999999,3.23,0.48,10.0,5
28,7.6,0.55,0.21,2.2,0.071,7.0,28.0,0.9964,3.28,0.55,9.7,5
29,8.7,0.52,0.09,2.5,0.091,20.0,49.0,0.9976,3.34,0.86,10.6,7
30,8.6,0.22,0.36,1.9,0.064,53.0,77.0,0.9960399999999999,3.47,0.87,11.0,7
31,7.2,0.63,0.03,2.2,0.08,17.0,88.0,0.99745,3.53,0.58,9.8,6
32,9.0,0.66,0.17,3.0,0.077,5.0,13.0,0.9976,3.29,0.55,10.4,5
33,11.5,0.18,0.51,4.0,0.10400000000000001,4.0,23.0,0.9996,3.28,0.97,10.1,6
34,8.8,0.61,0.19,4.0,0.094,30.0,69.0,0.99787,3.22,0.5,10.0,6
35,11.3,0.36,0.66,2.4,0.12300000000000001,3.0,8.0,0.9964200000000001,3.2,0.53,11.9,6
36,5.7,1.13,0.09,1.5,0.172,7.0,19.0,0.9940000000000001,3.5,0.48,9.8,4
37,7.1,0.735,0.16,1.9,0.1,15.0,77.0,0.9966,3.27,0.64,9.3,5
38,8.3,0.6,0.13,2.6,0.085,6.0,24.0,0.9984,3.31,0.59,9.2,6
39,6.9,0.63,0.02,1.9,0.078,18.0,30.0,0.9971200000000001,3.4,0.75,9.8,5
40,12.1,0.4,0.52,2.0,0.092,15.0,54.0,1.0,3.03,0.66,10.2,5
41,8.3,0.28,0.48,2.1,0.09300000000000001,6.0,12.0,0.99408,3.26,0.62,12.4,7
42,10.9,0.53,0.49,4.6,0.11800000000000001,10.0,17.0,1.0002,3.07,0.56,11.7,6
43,7.3,0.52,0.32,2.1,0.07,51.0,70.0,0.99418,3.34,0.82,12.9,6
44,5.1,0.47,0.02,1.3,0.034,18.0,44.0,0.9921,3.9,0.62,12.8,6
45,9.0,0.82,0.05,2.4,0.081,26.0,96.0,0.9981399999999999,3.36,0.53,10.0,5
46,8.0,0.3,0.63,1.6,0.081,16.0,29.0,0.9958799999999999,3.3,0.78,10.8,6
47,7.5,0.38,0.57,2.3,0.106,5.0,12.0,0.99605,3.36,0.55,11.4,6
48,8.0,0.48,0.34,2.2,0.073,16.0,25.0,0.9936,3.28,0.66,12.4,6
49,8.8,0.33,0.41,5.9,0.073,7.0,13.0,0.9965799999999999,3.3,0.62,12.1,7
50,9.8,0.66,0.39,3.2,0.083,21.0,59.0,0.9989,3.37,0.71,11.5,7
51,10.3,0.32,0.45,6.4,0.073,5.0,13.0,0.9976,3.23,0.82,12.6,8
52,7.5,0.63,0.27,2.0,0.083,17.0,91.0,0.99616,3.26,0.58,9.8,6
53,12.8,0.615,0.66,5.8,0.083,7.0,42.0,1.0022,3.07,0.73,10.0,7
54,9.7,0.42,0.46,2.1,0.07400000000000001,5.0,16.0,0.99649,3.27,0.74,12.3,6
55,7.3,0.59,0.26,7.2,0.07,35.0,121.0,0.9981,3.37,0.49,9.4,5
56,8.6,0.49,0.51,2.0,0.42200000000000004,16.0,62.0,0.9979,3.03,1.17,9.0,5
57,,0.38,0.31,2.5,,16.0,,0.9982,3.19,0.7,10.0,7
58,8.7,0.52,0.09,2.5,0.091,20.0,49.0,0.9976,3.34,0.86,10.6,7
59,6.2,0.46,0.29,2.1,0.07400000000000001,32.0,98.0,0.9957799999999999,3.33,0.62,9.8,5
60,6.6,0.88,0.04,2.2,0.066,12.0,20.0,0.99636,3.53,0.56,9.9,5
61,5.8,0.61,0.11,1.8,0.066,18.0,28.0,0.9948299999999999,3.55,0.66,10.9,6
62,7.6,0.4,0.29,1.9,0.078,29.0,66.0,0.9971,3.45,0.59,9.5,6
63,7.7,0.49,0.26,1.9,0.062,9.0,31.0,0.9966,3.39,0.64,9.6,5
64,7.2,0.38,0.38,2.8,0.068,23.0,42.0,0.99356,3.34,0.72,12.9,7
65,7.8,0.5,0.3,1.9,0.075,8.0,22.0,0.9959,3.31,0.56,10.4,6
66,10.2,0.23,0.37,2.2,0.057,14.0,36.0,0.9961399999999999,3.23,0.49,9.3,4
67,6.6,0.44,0.09,2.2,0.063,9.0,18.0,0.99444,3.42,0.69,11.3,6
68,8.7,0.625,0.16,2.0,0.10099999999999999,13.0,49.0,0.9962,3.14,0.57,11.0,5
69,11.3,0.37,0.41,2.3,0.08800000000000001,6.0,16.0,0.9988,3.09,0.8,9.3,5
70,9.6,0.6,0.5,2.3,0.079,28.0,71.0,0.9997,3.5,0.57,9.7,5
71,10.4,0.61,0.49,2.1,0.2,5.0,16.0,0.9994,3.16,0.63,8.4,3
72,6.8,0.69,0.0,5.6,0.124,21.0,58.0,0.9997,3.46,0.72,10.2,5
73,7.4,0.6,0.26,2.1,0.083,17.0,91.0,0.99616,3.29,0.56,9.8,6
74,8.7,0.46,0.31,2.5,0.126,24.0,64.0,0.99746,3.1,0.74,9.6,5
75,6.4,0.42,0.09,2.3,0.054000000000000006,34.0,64.0,0.99724,3.41,0.68,10.4,6
76,7.1,0.59,0.01,2.3,0.08,27.0,43.0,0.9955,3.42,0.58,10.7,6
77,9.8,0.88,0.25,2.5,0.10400000000000001,35.0,155.0,1.001,3.41,0.67,11.2,5
78,7.0,0.55,0.13,2.2,0.075,15.0,35.0,0.9959,3.36,0.59,9.7,6
79,9.9,0.49,0.58,3.5,0.094,9.0,43.0,1.0004,3.29,0.58,9.0,5
80,9.9,0.59,0.07,3.4,0.102,32.0,71.0,1.00015,3.31,0.71,9.8,5
81,8.9,0.62,0.18,3.8,0.17600000000000002,52.0,145.0,0.9986,3.16,0.88,9.2,5
82,7.0,0.735,0.05,2.0,0.081,13.0,54.0,0.9966,3.39,0.57,9.8,5
83,8.9,0.635,0.37,1.7,0.263,5.0,62.0,0.9971,3.0,1.09,9.3,5
84,6.4,0.37,0.25,1.9,0.07400000000000001,21.0,49.0,0.9974,3.57,0.62,9.8,6
85,7.6,0.42,0.08,2.7,0.084,15.0,48.0,0.9968,3.21,0.59,10.0,5
86,6.9,0.63,0.02,1.9,0.078,18.0,30.0,0.9971200000000001,3.4,0.75,9.8,5
87,7.9,0.51,0.25,2.9,0.077,21.0,45.0,0.9974,3.49,0.96,12.1,6
88,10.5,0.24,0.47,2.1,0.066,6.0,24.0,0.9978,3.15,0.9,11.0,7
89,6.1,0.48,0.09,1.7,0.078,18.0,30.0,0.9940200000000001,3.45,0.54,11.2,6
90,12.9,0.35,0.49,5.8,0.066,5.0,35.0,1.0014,3.2,0.66,12.0,7
91,7.3,0.73,0.24,1.9,0.10800000000000001,18.0,102.0,0.9967,3.26,0.59,9.3,5
92,7.9,0.52,0.26,1.9,0.079,42.0,140.0,0.9964,3.23,0.54,9.5,5
93,8.7,0.69,0.0,3.2,0.084,13.0,33.0,0.9992,3.36,0.45,9.4,5
94,7.4,0.41,0.24,1.8,0.066,18.0,47.0,0.9956,3.37,0.62,10.4,5
95,9.3,0.4,0.49,2.5,0.085,38.0,142.0,0.9978,3.22,0.55,9.4,5
96,10.3,0.53,0.48,2.5,0.063,6.0,25.0,0.9998,3.12,0.59,9.3,6
97,8.0,0.715,0.22,2.3,0.075,13.0,81.0,0.9968799999999999,3.24,0.54,9.5,6
98,8.4,0.56,0.08,2.1,0.105,16.0,44.0,0.9958,3.13,0.52,11.0,5
99,11.7,0.49,0.49,2.2,0.083,5.0,15.0,1.0,3.19,0.43,9.2,5
100,6.7,0.7,0.08,3.75,0.067,8.0,16.0,0.99334,3.43,0.52,12.6,5
101,7.1,0.34,0.28,2.0,0.08199999999999999,31.0,68.0,0.9969399999999999,3.45,0.48,9.4,5
102,6.4,0.795,0.0,2.2,0.065,28.0,52.0,0.9937799999999999,3.49,0.52,11.6,5
103,7.6,0.665,0.1,1.5,0.066,27.0,55.0,0.99655,3.39,0.51,9.3,5
104,13.2,0.38,0.55,2.7,0.081,5.0,16.0,1.0006,2.98,0.54,9.4,5
105,8.9,0.4,0.32,5.6,0.087,10.0,47.0,0.9991,3.38,0.77,10.5,7
106,6.0,0.5,0.04,2.2,0.092,13.0,26.0,0.9964700000000001,3.46,0.47,10.0,5
107,13.0,0.47,0.49,4.3,0.085,6.0,47.0,1.0021,3.3,0.68,12.7,6
108,7.5,0.755,0.0,1.9,0.084,6.0,12.0,0.99672,3.34,0.49,9.7,4
109,13.7,0.415,0.68,2.9,0.085,17.0,43.0,1.0014,3.06,0.8,10.0,6
110,12.0,0.45,0.55,2.0,0.073,25.0,49.0,0.9997,3.1,0.76,10.3,6
111,8.1,0.66,0.7,2.2,0.098,25.0,129.0,0.9972,3.08,0.53,9.0,5
112,6.7,0.56,0.09,2.9,0.079,7.0,22.0,0.99669,3.46,0.61,10.2,5
113,7.3,0.835,0.03,2.1,0.092,10.0,19.0,0.9966,3.39,0.47,9.6,5
114,10.0,0.32,0.59,2.2,0.077,3.0,15.0,0.9994,3.2,0.78,9.6,5
115,8.7,0.7,0.24,2.5,0.226,5.0,15.0,0.9991,3.32,0.6,9.0,6
116,7.0,0.43,0.36,1.6,0.08900000000000001,14.0,37.0,0.99615,3.34,0.56,9.2,6
117,7.6,0.645,0.03,1.9,0.086,14.0,57.0,0.9969,3.37,0.46,10.3,5
118,8.0,0.5,0.39,2.6,0.08199999999999999,12.0,46.0,0.9985,3.43,0.62,10.7,6
119,9.9,0.35,0.41,2.3,0.083,11.0,61.0,0.9982,3.21,0.5,9.5,5
120,9.0,0.43,0.34,2.5,0.08,26.0,86.0,0.9987,3.38,0.62,9.5,6
121,9.4,0.5,0.34,3.6,0.08199999999999999,5.0,14.0,0.9987,3.29,0.52,10.7,6
122,9.4,0.685,0.11,2.7,0.077,6.0,31.0,0.9984,3.19,0.7,10.1,6
123,7.5,0.6,0.32,2.7,0.10300000000000001,13.0,98.0,0.9993799999999999,3.45,0.62,9.5,5
124,9.9,0.54,0.45,2.3,0.071,16.0,40.0,0.9991,3.39,0.62,9.4,5
125,11.3,0.62,0.67,5.2,0.086,6.0,19.0,0.9988,3.22,0.69,13.4,8
126,7.5,0.63,0.12,5.1,0.111,50.0,110.0,0.9983,3.26,0.77,9.4,5
127,9.8,0.37,0.39,2.5,0.079,28.0,65.0,0.99729,3.16,0.59,9.8,5
128,8.3,0.58,0.13,2.9,0.096,14.0,63.0,0.9984,3.17,0.62,9.1,6
129,10.2,0.67,0.39,1.9,0.054000000000000006,6.0,17.0,0.9976,3.17,0.47,10.0,5
130,7.5,0.61,0.26,1.9,0.073,24.0,88.0,0.9961200000000001,3.3,0.53,9.8,5
131,7.8,0.55,0.0,1.7,0.07,7.0,17.0,0.99659,3.26,0.64,9.4,6
132,10.5,0.24,0.47,2.1,0.066,6.0,24.0,0.9978,3.15,0.9,11.0,7
133,10.9,0.32,0.52,1.8,0.132,17.0,44.0,0.99734,3.28,0.77,11.5,6
134,8.5,0.46,0.31,2.25,0.078,32.0,58.0,0.998,3.33,0.54,9.8,5
135,8.6,0.42,0.39,1.8,0.068,6.0,12.0,0.99516,3.35,0.69,11.7,8
136,6.2,0.39,0.43,2.0,0.071,14.0,24.0,0.9942799999999999,3.45,0.87,11.2,7
137,6.6,0.58,0.02,2.4,0.069,19.0,40.0,0.99387,3.38,0.66,12.6,6
138,9.6,0.33,0.52,2.2,0.07400000000000001,13.0,25.0,0.9950899999999999,3.36,0.76,12.4,7
139,7.3,0.51,0.18,2.1,0.07,12.0,28.0,0.9976799999999999,3.52,0.73,9.5,6
140,,0.575,0.22,2.1,,12.0,,0.9967,3.29,0.51,9.2,5
141,14.0,0.41,0.63,3.8,0.08900000000000001,6.0,47.0,1.0014,3.01,0.81,10.8,6
142,13.3,0.34,0.52,3.2,0.094,17.0,53.0,1.0014,3.05,0.81,9.5,6
143,6.1,0.59,0.01,2.1,0.055999999999999994,5.0,13.0,0.99472,3.52,0.56,11.4,5
144,9.6,0.41,0.37,2.3,0.091,10.0,23.0,0.9978600000000001,3.24,0.56,10.5,5
145,10.6,0.83,0.37,2.6,0.086,26.0,70.0,0.9981,3.16,0.52,9.9,5
146,8.1,1.33,0.0,1.8,0.08199999999999999,3.0,12.0,0.9964,3.54,0.48,10.9,5
147,10.5,0.59,0.49,2.1,0.07,14.0,47.0,0.9991,3.3,0.56,9.6,4
148,10.2,0.33,0.46,1.9,0.081,6.0,9.0,0.9962799999999999,3.1,0.48,10.4,6
149,10.1,0.935,0.22,3.4,0.105,11.0,86.0,1.001,3.43,0.64,11.3,4
150,11.9,0.58,0.66,2.5,0.07200000000000001,6.0,37.0,0.9992,3.05,0.56,10.0,5
151,6.4,0.57,0.02,1.8,0.067,4.0,11.0,0.997,3.46,0.68,9.5,5
152,8.3,0.66,0.15,1.9,0.079,17.0,42.0,0.9972,3.31,0.54,9.6,6
153,10.4,0.44,0.73,6.55,0.07400000000000001,38.0,76.0,0.9990000000000001,3.17,0.85,12.0,7
154,7.5,0.71,0.0,1.6,0.092,22.0,31.0,0.99635,3.38,0.58,10.0,6
155,6.3,0.98,0.01,2.0,0.057,15.0,33.0,0.9948799999999999,3.6,0.46,11.2,6
156,5.9,0.55,0.1,2.2,0.062,39.0,51.0,0.9951200000000001,3.52,0.76,11.2,6
157,11.1,0.31,0.53,2.2,0.06,3.0,10.0,0.99572,3.02,0.83,10.9,7
158,7.7,0.26,0.26,2.0,0.052000000000000005,19.0,77.0,0.9951,3.15,0.79,10.9,6
159,7.5,0.52,0.11,1.5,0.079,11.0,39.0,0.9968,3.42,0.58,9.6,5
160,7.7,0.715,0.01,2.1,0.064,31.0,43.0,0.99371,3.41,0.57,11.8,6
161,12.3,0.39,0.63,2.3,0.091,6.0,18.0,1.0004,3.16,0.49,9.5,5
162,7.8,0.5,0.09,2.2,0.115,10.0,42.0,0.9971,3.18,0.62,9.5,5
163,6.5,0.39,0.23,8.3,0.051,28.0,91.0,0.9952,3.44,0.55,12.1,6
164,7.2,0.695,0.13,2.0,0.076,12.0,20.0,0.99546,3.29,0.54,10.1,5
165,7.7,0.965,0.1,2.1,0.11199999999999999,11.0,22.0,0.9963,3.26,0.5,9.5,5
166,15.0,0.21,0.44,2.2,0.075,10.0,24.0,1.00005,3.07,0.84,9.2,7
167,7.5,0.57,0.08,2.6,0.08900000000000001,14.0,27.0,0.99592,3.3,0.59,10.4,6
168,7.7,0.54,0.26,1.9,0.08900000000000001,23.0,147.0,0.99636,3.26,0.59,9.7,5
169,7.7,0.26,0.3,1.7,0.059000000000000004,20.0,38.0,0.9949,3.29,0.47,10.8,6
170,7.9,0.69,0.21,2.1,0.08,33.0,141.0,0.9962,3.25,0.51,9.9,5
171,6.5,0.46,0.14,2.4,0.114,9.0,37.0,0.9973200000000001,3.66,0.65,9.8,5
172,10.1,0.31,0.44,2.3,0.08,22.0,46.0,0.9988,3.32,0.67,9.7,6
173,6.9,0.74,0.03,2.3,0.054000000000000006,7.0,16.0,0.99508,3.45,0.63,11.5,6
174,7.2,0.54,0.27,2.6,0.084,12.0,78.0,0.9964,3.39,0.71,11.0,5
175,8.2,0.74,0.09,2.0,0.067,5.0,10.0,0.99418,3.28,0.57,11.8,6
176,9.5,0.37,0.52,2.0,0.08800000000000001,12.0,51.0,0.99613,3.29,0.58,11.1,6
177,7.3,0.49,0.1,2.6,0.068,4.0,14.0,0.9956200000000001,3.3,0.47,10.5,5
178,6.2,0.51,0.14,1.9,0.055999999999999994,15.0,34.0,0.9939600000000001,3.48,0.57,11.5,6
179,5.2,0.49,0.26,2.3,0.09,23.0,74.0,0.9953,3.71,0.62,12.2,6
180,10.3,0.41,0.42,2.4,0.213,6.0,14.0,0.9994,3.19,0.62,9.5,6
181,10.4,0.24,0.46,1.8,0.075,6.0,21.0,0.9976,3.25,1.02,10.8,7
182,11.9,0.38,0.51,2.0,0.121,7.0,20.0,0.9996,3.24,0.76,10.4,6
183,6.8,0.5,0.11,1.5,0.075,16.0,49.0,0.99545,3.36,0.79,9.5,5
184,8.2,0.24,0.34,5.1,0.062,8.0,22.0,0.9974,3.22,0.94,10.9,6
185,10.0,0.26,0.54,1.9,0.083,42.0,74.0,0.99451,2.98,0.63,11.8,8
186,8.0,0.39,0.3,1.9,0.07400000000000001,32.0,84.0,0.9971700000000001,3.39,0.61,9.0,5
187,7.9,0.65,0.01,2.5,0.078,17.0,38.0,0.9963,3.34,0.74,11.7,7
188,6.2,0.43,0.22,1.8,0.078,21.0,56.0,0.9963299999999999,3.52,0.6,9.5,6
189,8.3,0.675,0.26,2.1,0.084,11.0,43.0,0.9976,3.31,0.53,9.2,4
190,7.6,0.41,0.33,2.5,0.078,6.0,23.0,0.9957,3.3,0.58,11.2,5
191,5.7,0.6,0.0,1.4,0.063,11.0,18.0,0.9919100000000001,3.45,0.56,12.2,6
192,6.9,0.54,0.3,2.2,0.08800000000000001,9.0,105.0,0.99725,3.25,1.18,10.5,6
193,7.4,0.58,0.0,2.0,0.064,7.0,11.0,0.9956200000000001,3.45,0.58,11.3,6
194,7.1,0.53,0.07,1.7,0.071,15.0,24.0,0.9951,3.29,0.66,10.8,6
195,8.4,0.62,0.12,1.8,0.07200000000000001,38.0,46.0,0.9950399999999999,3.38,0.89,11.8,6
196,7.2,0.39,0.32,1.8,0.065,34.0,60.0,0.9971399999999999,3.46,0.78,9.9,5
197,6.2,0.52,0.08,4.4,0.071,11.0,32.0,0.99646,3.56,0.63,11.6,6
198,6.8,0.51,0.01,2.1,0.07400000000000001,9.0,25.0,0.9958,3.33,0.56,9.5,6
199,9.1,0.36,0.39,1.8,0.06,21.0,55.0,0.99495,3.18,0.82,11.0,7
200,6.6,0.725,0.2,7.8,0.073,29.0,79.0,0.9977,3.29,0.54,9.2,5
201,6.2,0.36,0.24,2.2,0.095,19.0,42.0,0.9946,3.57,0.57,11.7,6
202,6.6,0.52,0.08,2.4,0.07,13.0,26.0,0.9935799999999999,3.4,0.72,12.5,7
203,6.8,0.63,0.07,2.1,0.08900000000000001,11.0,44.0,0.9953,3.47,0.55,10.4,6
204,7.5,0.57,0.02,2.6,0.077,11.0,35.0,0.9955700000000001,3.36,0.62,10.8,6
205,6.1,0.64,0.02,2.4,0.069,26.0,46.0,0.9935799999999999,3.47,0.45,11.0,5
206,6.6,0.725,0.09,5.5,0.11699999999999999,9.0,17.0,0.99655,3.35,0.49,10.8,6
207,6.8,0.64,0.1,2.1,0.085,18.0,101.0,0.9956,3.34,0.52,10.2,5
208,10.0,0.38,0.38,1.6,0.16899999999999998,27.0,90.0,0.9991399999999999,3.15,0.65,8.5,5
209,13.4,0.27,0.62,2.6,0.08199999999999999,6.0,21.0,1.0002,3.16,0.67,9.7,6
210,15.6,0.685,0.76,3.7,0.1,6.0,43.0,1.0032,2.95,0.68,11.2,7
211,6.7,0.46,0.24,1.7,0.077,18.0,34.0,0.9948,3.39,0.6,10.6,6
212,6.6,0.96,0.0,1.8,0.08199999999999999,5.0,16.0,0.9936,3.5,0.44,11.9,6
213,10.8,0.47,0.43,2.1,0.171,27.0,66.0,0.9982,3.17,0.76,10.8,6
214,11.9,0.39,0.69,2.8,0.095,17.0,35.0,0.9994,3.1,0.61,10.8,6
215,5.4,0.58,0.08,1.9,0.059000000000000004,20.0,31.0,0.99484,3.5,0.64,10.2,6
216,10.0,0.73,0.43,2.3,0.059000000000000004,15.0,31.0,0.9966,3.15,0.57,11.0,5
217,10.0,0.59,0.31,2.2,0.09,26.0,62.0,0.9994,3.18,0.63,10.2,6
218,10.1,0.43,0.4,2.6,0.092,13.0,52.0,0.99834,3.22,0.64,10.0,7
219,7.2,0.6,0.04,2.5,0.076,18.0,88.0,0.99745,3.53,0.55,9.5,5
220,10.6,1.02,0.43,2.9,0.076,26.0,88.0,0.9984,3.08,0.57,10.1,6
221,7.1,0.59,0.0,2.1,0.091,9.0,14.0,0.9948799999999999,3.42,0.55,11.5,7
222,8.3,0.31,0.39,2.4,0.078,17.0,43.0,0.99444,3.31,0.77,12.5,7
223,12.0,0.39,0.66,3.0,0.09300000000000001,12.0,30.0,0.9996,3.18,0.63,10.8,7
224,7.6,0.63,0.03,2.0,0.08,27.0,43.0,0.9957799999999999,3.44,0.64,10.9,6
225,7.9,0.885,0.03,1.8,0.057999999999999996,4.0,8.0,0.9972,3.36,0.33,9.1,4
226,7.6,0.49,0.33,1.9,0.07400000000000001,27.0,85.0,0.9970600000000001,3.41,0.58,9.0,5
227,11.6,0.42,0.53,3.3,0.105,33.0,98.0,1.001,3.2,0.95,9.2,5
228,7.1,0.43,0.42,5.5,0.071,28.0,128.0,0.9973,3.42,0.71,10.5,5
229,7.6,0.54,0.02,1.7,0.085,17.0,31.0,0.9958899999999999,3.37,0.51,10.4,6
230,6.8,0.68,0.09,3.9,0.068,15.0,29.0,0.99524,3.41,0.52,11.1,4
231,,0.43,0.24,2.5,,27.0,,0.9964799999999999,3.6,0.59,11.1,6
232,6.9,0.605,0.12,10.7,0.073,40.0,83.0,0.9993,3.45,0.52,9.4,6
233,8.0,0.43,0.36,2.3,0.075,10.0,48.0,0.9976,3.34,0.46,9.4,5
234,9.0,0.45,0.49,2.6,0.084,21.0,75.0,0.9987,3.35,0.57,9.7,5
235,12.6,0.41,0.54,2.8,0.10300000000000001,19.0,41.0,0.99939,3.21,0.76,11.3,6
236,7.0,0.22,0.3,1.8,0.065,16.0,20.0,0.99672,3.61,0.82,10.0,6
237,7.2,0.695,0.13,2.0,0.076,12.0,20.0,0.99546,3.29,0.54,10.1,5
238,6.2,0.44,0.39,2.5,0.077,6.0,14.0,0.99555,3.51,0.69,11.0,6
239,7.5,0.55,0.24,2.0,0.078,10.0,28.0,0.9983,3.45,0.78,9.5,6
240,9.3,0.38,0.48,3.8,0.132,3.0,11.0,0.99577,3.23,0.57,13.2,6
241,8.2,0.7,0.23,2.0,0.099,14.0,81.0,0.9973,3.19,0.7,9.4,5
242,8.1,0.38,0.48,1.8,0.157,5.0,17.0,0.9976,3.3,1.05,9.4,5
243,7.2,0.725,0.05,4.65,0.086,4.0,11.0,0.9962,3.41,0.39,10.9,5
244,6.8,0.68,0.21,2.1,0.07,9.0,23.0,0.99546,3.38,0.6,10.3,5
245,7.9,0.66,0.0,1.4,0.096,6.0,13.0,0.99569,3.43,0.58,9.5,5
246,7.1,0.48,0.28,2.8,0.068,6.0,16.0,0.99682,3.24,0.53,10.3,5
247,7.8,0.46,0.26,1.9,0.08800000000000001,23.0,53.0,0.9981,3.43,0.74,9.2,6
248,7.8,0.58,0.02,2.0,0.073,9.0,18.0,0.9968,3.36,0.57,9.5,7
249,7.4,0.5,0.47,2.0,0.086,21.0,73.0,0.997,3.36,0.57,9.1,5
250,6.7,0.86,0.07,2.0,0.1,20.0,57.0,0.99598,3.6,0.74,11.7,6
251,7.2,0.36,0.46,2.1,0.07400000000000001,24.0,44.0,0.99534,3.4,0.85,11.0,7
252,7.9,0.2,0.35,1.7,0.054000000000000006,7.0,15.0,0.9945799999999999,3.32,0.8,11.9,7
253,6.5,0.34,0.27,2.8,0.067,8.0,44.0,0.99384,3.21,0.56,12.0,6
254,12.0,0.5,0.59,1.4,0.073,23.0,42.0,0.998,2.92,0.68,10.5,7
255,7.6,0.645,0.03,1.9,0.086,14.0,57.0,0.9969,3.37,0.46,10.3,5
256,10.5,0.42,0.66,2.95,0.11599999999999999,12.0,29.0,0.997,3.24,0.75,11.7,7
257,9.8,0.44,0.47,2.5,0.063,9.0,28.0,0.9981,3.24,0.65,10.8,6
258,5.2,0.34,0.0,1.8,0.05,27.0,63.0,0.9916,3.68,0.79,14.0,6
259,11.9,0.695,0.53,3.4,0.128,7.0,21.0,0.9992,3.17,0.84,12.2,7
260,7.3,0.66,0.0,2.0,0.084,6.0,23.0,0.9983,3.61,0.96,9.9,6
261,7.9,0.29,0.49,2.2,0.096,21.0,59.0,0.9971399999999999,3.31,0.67,10.1,6
262,7.3,0.74,0.08,1.7,0.094,10.0,45.0,0.9957600000000001,3.24,0.5,9.8,5
263,7.0,0.6,0.12,2.2,0.083,13.0,28.0,0.9966,3.52,0.62,10.2,7
264,9.0,0.4,0.41,2.0,0.057999999999999996,15.0,40.0,0.9941399999999999,3.22,0.6,12.2,6
265,7.2,0.34,0.24,2.0,0.071,30.0,52.0,0.9957600000000001,3.44,0.58,10.1,5
266,12.5,0.38,0.6,2.6,0.081,31.0,72.0,0.9996,3.1,0.73,10.5,5
267,7.0,0.65,0.02,2.1,0.066,8.0,25.0,0.9972,3.47,0.67,9.5,6
268,7.3,0.35,0.24,2.0,0.067,28.0,48.0,0.9957600000000001,3.43,0.54,10.0,4
269,8.5,0.18,0.51,1.75,0.071,45.0,88.0,0.99524,3.33,0.76,11.8,7
270,10.8,0.89,0.3,2.6,0.132,7.0,60.0,0.9978600000000001,2.99,1.18,10.2,5
271,12.3,0.5,0.49,2.2,0.08900000000000001,5.0,14.0,1.0002,3.19,0.44,9.6,5
272,7.9,0.4,0.3,1.8,0.157,2.0,45.0,0.9972700000000001,3.31,0.91,9.5,6
273,7.8,0.7,0.06,1.9,0.079,20.0,35.0,0.9962799999999999,3.4,0.69,10.9,5
274,8.8,0.47,0.49,2.9,0.085,17.0,110.0,0.9982,3.29,0.6,9.8,5
275,7.4,0.66,0.0,1.8,0.075,13.0,40.0,0.9978,3.51,0.56,9.4,5
276,8.4,0.745,0.11,1.9,0.09,16.0,63.0,0.9965,3.19,0.82,9.6,5
277,5.0,0.42,0.24,2.0,0.06,19.0,50.0,0.9917,3.72,0.74,14.0,8
278,8.8,0.59,0.18,2.9,0.08900000000000001,12.0,74.0,0.9973799999999999,3.14,0.54,9.4,5
279,10.0,0.35,0.47,2.0,0.061,6.0,11.0,0.99585,3.23,0.52,12.0,6
280,7.5,0.61,0.2,1.7,0.076,36.0,60.0,0.9949399999999999,3.1,0.4,9.3,5
281,6.6,0.855,0.02,2.4,0.062,15.0,23.0,0.9962700000000001,3.54,0.6,11.0,6
282,8.2,0.4,0.44,2.8,0.08900000000000001,11.0,43.0,0.9975,3.53,0.61,10.5,6
283,7.1,0.66,0.0,3.9,0.086,17.0,45.0,0.9976,3.46,0.54,9.5,5
284,7.7,0.58,0.01,1.8,0.08800000000000001,12.0,18.0,0.9956799999999999,3.32,0.56,10.5,7
285,9.1,0.775,0.22,2.2,0.079,12.0,48.0,0.9976,3.18,0.51,9.6,5
286,7.7,0.69,0.49,1.8,0.115,20.0,112.0,0.9968,3.21,0.71,9.3,5
287,7.1,0.59,0.0,2.2,0.078,26.0,44.0,0.9952200000000001,3.42,0.68,10.8,6
288,8.1,0.545,0.18,1.9,0.08,13.0,35.0,0.9972,3.3,0.59,9.0,6
289,8.0,0.45,0.23,2.2,0.094,16.0,29.0,0.9962,3.21,0.49,10.2,6
290,12.7,0.6,0.49,2.8,0.075,5.0,19.0,0.9994,3.14,0.57,11.4,5
291,7.5,0.51,0.02,1.7,0.084,13.0,31.0,0.9953799999999999,3.36,0.54,10.5,6
292,7.9,0.43,0.21,1.6,0.106,10.0,37.0,0.9966,3.17,0.91,9.5,5
293,6.6,0.39,0.49,1.7,0.07,23.0,149.0,0.9922,3.12,0.5,11.5,6
294,6.6,0.61,0.0,1.6,0.069,4.0,8.0,0.9939600000000001,3.33,0.37,10.4,4
295,11.6,0.41,0.54,1.5,0.095,22.0,41.0,0.99735,3.02,0.76,9.9,7
296,7.2,0.61,0.08,4.0,0.08199999999999999,26.0,108.0,0.99641,3.25,0.51,9.4,5
297,7.7,0.965,0.1,2.1,0.11199999999999999,11.0,22.0,0.9963,3.26,0.5,9.5,5
298,7.3,0.4,0.3,1.7,0.08,33.0,79.0,0.9969,3.41,0.65,9.5,6
299,7.0,0.57,0.02,2.0,0.07200000000000001,17.0,26.0,0.99575,3.36,0.61,10.2,5
300,9.2,0.755,0.18,2.2,0.14800000000000002,10.0,103.0,0.9969,2.87,1.36,10.2,6
301,6.7,0.64,0.23,2.1,0.08,11.0,119.0,0.9953799999999999,3.36,0.7,10.9,5
302,7.5,0.725,0.04,1.5,0.076,8.0,15.0,0.99508,3.26,0.53,9.6,5
303,7.2,0.62,0.01,2.3,0.065,8.0,46.0,0.9933200000000001,3.32,0.51,11.8,6
304,7.4,0.6,0.26,7.3,0.07,36.0,121.0,0.9982,3.37,0.49,9.4,5
305,9.8,0.39,0.43,1.65,0.068,5.0,11.0,0.9947799999999999,3.19,0.46,11.4,5
306,8.3,0.715,0.15,1.8,0.08900000000000001,10.0,52.0,0.9968,3.23,0.77,9.5,5
307,7.2,0.415,0.36,2.0,0.081,13.0,45.0,0.9972,3.48,0.64,9.2,5
308,10.2,0.36,0.64,2.9,0.122,10.0,41.0,0.998,3.23,0.66,12.5,6
309,9.9,0.72,0.55,1.7,0.136,24.0,52.0,0.9975200000000001,3.35,0.94,10.0,5
310,8.2,0.34,0.37,1.9,0.057,43.0,74.0,0.99408,3.23,0.81,12.0,6
311,8.8,0.61,0.3,2.8,0.08800000000000001,17.0,46.0,0.9976,3.26,0.51,9.3,4
312,8.8,0.48,0.41,3.3,0.092,26.0,52.0,0.9982,3.31,0.53,10.5,6
313,8.4,0.65,0.6,2.1,0.11199999999999999,12.0,90.0,0.9973,3.2,0.52,9.2,5
314,6.4,0.53,0.09,3.9,0.12300000000000001,14.0,31.0,0.9968,3.5,0.67,11.0,4
315,7.2,0.38,0.31,2.0,0.055999999999999994,15.0,29.0,0.99472,3.23,0.76,11.3,8
316,8.5,0.585,0.18,2.1,0.078,5.0,30.0,0.9967,3.2,0.48,9.8,6
317,7.3,0.365,0.49,2.5,0.08800000000000001,39.0,106.0,0.9966,3.36,0.78,11.0,5
318,8.2,0.57,0.26,2.2,0.06,28.0,65.0,0.9959,3.3,0.43,10.1,5
319,6.3,0.55,0.15,1.8,0.077,26.0,35.0,0.9931399999999999,3.32,0.82,11.6,6
320,7.7,0.665,0.0,2.4,0.09,8.0,19.0,0.9974,3.27,0.73,9.3,5
321,7.5,0.51,0.02,1.7,0.084,13.0,31.0,0.9953799999999999,3.36,0.54,10.5,6
322,8.9,0.43,0.45,1.9,0.052000000000000005,6.0,16.0,0.9948,3.35,0.7,12.5,6
323,7.3,0.45,0.36,5.9,0.07400000000000001,12.0,87.0,0.9978,3.33,0.83,10.5,5
324,9.1,0.76,0.68,1.7,0.414,18.0,64.0,0.9965200000000001,2.9,1.33,9.1,6
325,,0.31,0.49,2.7,,16.0,,0.9986,3.12,1.02,10.6,7
326,13.0,0.32,0.65,2.6,0.09300000000000001,15.0,47.0,0.9996,3.05,0.61,10.6,5
327,7.9,0.37,0.23,1.8,0.077,23.0,49.0,0.9963,3.28,0.67,9.3,5
328,6.8,0.56,0.22,1.8,0.07400000000000001,15.0,24.0,0.9943799999999999,3.4,0.82,11.2,6
329,6.6,0.725,0.09,5.5,0.11699999999999999,9.0,17.0,0.99655,3.35,0.49,10.8,6
330,6.9,0.48,0.2,1.9,0.08199999999999999,9.0,23.0,0.99585,3.39,0.43,9.05,4
331,6.6,0.8,0.03,7.8,0.079,6.0,12.0,0.9963,3.52,0.5,12.2,5
332,8.5,0.655,0.49,6.1,0.122,34.0,151.0,1.001,3.31,1.14,9.3,5
333,8.9,0.22,0.48,1.8,0.077,29.0,60.0,0.9968,3.39,0.53,9.4,6
334,7.7,0.56,0.08,2.5,0.114,14.0,46.0,0.9971,3.24,0.66,9.6,6
335,7.1,0.6,0.0,1.8,0.07400000000000001,16.0,34.0,0.9972,3.47,0.7,9.9,6
336,7.1,0.43,0.42,5.5,0.07,29.0,129.0,0.9973,3.42,0.72,10.5,5
337,8.5,0.37,0.32,1.8,0.066,26.0,51.0,0.99456,3.38,0.72,11.8,6
338,7.1,0.62,0.06,1.3,0.07,5.0,12.0,0.9942,3.17,0.48,9.8,5
339,8.0,0.6,0.22,2.1,0.08,25.0,105.0,0.99613,3.3,0.49,9.9,5
340,7.3,0.34,0.33,2.5,0.064,21.0,37.0,0.9952,3.35,0.77,12.1,7
341,7.8,0.53,0.04,1.7,0.076,17.0,31.0,0.9964,3.33,0.56,10.0,6
342,6.1,0.58,0.23,2.5,0.044000000000000004,16.0,70.0,0.9935200000000001,3.46,0.65,12.5,6
343,12.5,0.56,0.49,2.4,0.064,5.0,27.0,0.9999,3.08,0.87,10.9,5
344,7.9,0.545,0.06,4.0,0.087,27.0,61.0,0.9965,3.36,0.67,10.7,6
345,6.8,0.65,0.02,2.1,0.078,8.0,15.0,0.99498,3.35,0.62,10.4,6
346,7.6,0.41,0.49,2.0,0.08800000000000001,16.0,43.0,0.998,3.48,0.64,9.1,5
347,7.1,0.36,0.3,1.6,0.08,35.0,70.0,0.9969299999999999,3.44,0.5,9.4,5
348,9.2,0.54,0.31,2.3,0.11199999999999999,11.0,38.0,0.9969899999999999,3.24,0.56,10.9,5
349,6.8,0.6,0.18,1.9,0.079,18.0,86.0,0.9968,3.59,0.57,9.3,6
350,4.7,0.6,0.17,2.3,0.057999999999999996,17.0,106.0,0.9932,3.85,0.6,12.9,6
351,6.5,0.63,0.33,1.8,0.059000000000000004,16.0,28.0,0.99531,3.36,0.64,10.1,6
352,7.4,0.53,0.12,1.9,0.165,4.0,12.0,0.99702,3.26,0.86,9.2,5
353,10.0,0.69,0.11,1.4,0.084,8.0,24.0,0.9957799999999999,2.88,0.47,9.7,5
354,7.3,0.585,0.18,2.4,0.078,15.0,60.0,0.9963799999999999,3.31,0.54,9.8,5
355,6.6,0.815,0.02,2.7,0.07200000000000001,17.0,34.0,0.9955,3.58,0.89,12.3,7
356,9.5,0.86,0.26,1.9,0.079,13.0,28.0,0.9971200000000001,3.25,0.62,10.0,5
357,8.9,0.31,0.36,2.6,0.055999999999999994,10.0,39.0,0.9956200000000001,3.4,0.69,11.8,5
358,5.9,0.645,0.12,2.0,0.075,32.0,44.0,0.9954700000000001,3.57,0.71,10.2,5
359,7.4,0.36,0.29,2.6,0.087,26.0,72.0,0.99645,3.39,0.68,11.0,5
360,10.4,0.33,0.63,2.8,0.084,5.0,22.0,0.9998,3.26,0.74,11.2,7
361,7.8,0.64,0.0,1.9,0.07200000000000001,27.0,55.0,0.9962,3.31,0.63,11.0,5
362,10.7,0.52,0.38,2.6,0.066,29.0,56.0,0.99577,3.15,0.79,12.1,7
363,11.5,0.45,0.5,3.0,0.078,19.0,47.0,1.0003,3.26,1.11,11.0,6
364,7.0,0.38,0.49,2.5,0.09699999999999999,33.0,85.0,0.9962,3.39,0.77,11.4,6
365,8.9,0.565,0.34,3.0,0.09300000000000001,16.0,112.0,0.9998,3.38,0.61,9.5,5
366,9.9,0.57,0.25,2.0,0.10400000000000001,12.0,89.0,0.9963,3.04,0.9,10.1,5
367,6.4,0.4,0.23,1.6,0.066,5.0,12.0,0.9958,3.34,0.56,9.2,5
368,10.6,0.36,0.6,2.2,0.152,7.0,18.0,0.9986,3.04,1.06,9.4,5
369,7.9,0.69,0.21,2.1,0.08,33.0,141.0,0.9962,3.25,0.51,9.9,5
370,8.1,0.545,0.18,1.9,0.08,13.0,35.0,0.9972,3.3,0.59,9.0,6
371,8.2,0.24,0.34,5.1,0.062,8.0,22.0,0.9974,3.22,0.94,10.9,6
372,6.8,0.61,0.04,1.5,0.057,5.0,10.0,0.99525,3.42,0.6,9.5,5
373,8.2,0.59,0.0,2.5,0.09300000000000001,19.0,58.0,1.0002,3.5,0.65,9.3,6
374,6.4,0.39,0.33,3.3,0.046,12.0,53.0,0.9929399999999999,3.36,0.62,12.2,6
375,11.5,0.31,0.51,2.2,0.079,14.0,28.0,0.9982,3.03,0.93,9.8,6
376,9.9,0.53,0.57,2.4,0.09300000000000001,30.0,52.0,0.9971,3.19,0.76,11.6,7
377,7.5,0.38,0.57,2.3,0.106,5.0,12.0,0.99605,3.36,0.55,11.4,6
378,7.6,0.31,0.34,2.5,0.08199999999999999,26.0,35.0,0.99356,3.22,0.59,12.5,7
379,7.5,0.5,0.36,6.1,0.071,17.0,102.0,0.9978,3.35,0.8,10.5,5
380,9.0,0.39,0.4,1.3,0.044000000000000004,25.0,50.0,0.9947799999999999,3.2,0.83,10.9,6
381,11.0,0.2,0.48,2.0,0.34299999999999997,6.0,18.0,0.9979,3.3,0.71,10.5,5
382,10.9,0.37,0.58,4.0,0.071,17.0,65.0,0.99935,3.22,0.78,10.1,5
383,10.0,0.49,0.2,11.0,0.071,13.0,50.0,1.0015,3.16,0.69,9.2,6
384,10.2,0.645,0.36,1.8,0.053,5.0,14.0,0.9982,3.17,0.42,10.0,6
385,10.0,0.32,0.59,2.2,0.077,3.0,15.0,0.9994,3.2,0.78,9.6,5
386,7.8,0.88,0.0,2.6,0.098,25.0,67.0,0.9968,3.2,0.68,9.8,5
387,9.9,0.54,0.45,2.3,0.071,16.0,40.0,0.9991,3.39,0.62,9.4,5
388,6.9,0.54,0.04,3.0,0.077,7.0,27.0,0.9987,3.69,0.91,9.4,6
389,5.4,0.74,0.09,1.7,0.08900000000000001,16.0,26.0,0.9940200000000001,3.67,0.56,11.6,6
390,6.3,0.68,0.01,3.7,0.10300000000000001,32.0,54.0,0.9958600000000001,3.51,0.66,11.3,6
391,12.7,0.59,0.45,2.3,0.08199999999999999,11.0,22.0,1.0,3.0,0.7,9.3,6
392,8.9,0.875,0.13,3.45,0.08800000000000001,4.0,14.0,0.9994,3.44,0.52,11.5,5
393,6.9,0.685,0.0,2.5,0.105,22.0,37.0,0.9966,3.46,0.57,10.6,6
394,5.1,0.42,0.0,1.8,0.044000000000000004,18.0,88.0,0.9915700000000001,3.68,0.73,13.6,7
395,7.6,0.35,0.6,2.6,0.073,23.0,44.0,0.99656,3.38,0.79,11.1,6
396,7.0,0.78,0.08,2.0,0.09300000000000001,10.0,19.0,0.9956,3.4,0.47,10.0,5
397,10.7,0.4,0.37,1.9,0.081,17.0,29.0,0.99674,3.12,0.65,11.2,6
398,9.2,0.46,0.23,2.6,0.091,18.0,77.0,0.9992200000000001,3.15,0.51,9.4,5
399,7.7,0.96,0.2,2.0,0.047,15.0,60.0,0.9955,3.36,0.44,10.9,5
400,7.9,0.72,0.17,2.6,0.096,20.0,38.0,0.9978,3.4,0.53,9.5,5
401,11.2,0.28,0.56,1.9,0.075,17.0,60.0,0.998,3.16,0.58,9.8,6
402,10.6,0.48,0.64,2.2,0.111,6.0,20.0,0.997,3.26,0.66,11.7,6
403,8.3,0.65,0.1,2.9,0.08900000000000001,17.0,40.0,0.99803,3.29,0.55,9.5,5
404,11.0,0.26,0.68,2.55,0.085,10.0,25.0,0.997,3.18,0.61,11.8,5
405,5.0,0.74,0.0,1.2,0.040999999999999995,16.0,46.0,0.9925799999999999,4.01,0.59,12.5,6
406,7.7,0.51,0.28,2.1,0.087,23.0,54.0,0.998,3.42,0.74,9.2,5
407,6.8,0.67,0.15,1.8,0.11800000000000001,13.0,20.0,0.9954,3.42,0.67,11.3,6
408,7.8,0.41,0.68,1.7,0.467,18.0,69.0,0.9973,3.08,1.31,9.3,5
409,10.9,0.21,0.49,2.8,0.08800000000000001,11.0,32.0,0.9972,3.22,0.68,11.7,6
410,6.9,0.765,0.18,2.4,0.243,5.5,48.0,0.9961200000000001,3.4,0.6,10.3,6
411,7.1,0.16,0.44,2.5,0.068,17.0,31.0,0.9932799999999999,3.35,0.54,12.4,6
412,6.2,0.64,0.09,2.5,0.081,15.0,26.0,0.9953799999999999,3.57,0.63,12.0,5
413,7.2,0.62,0.06,2.7,0.077,15.0,85.0,0.99746,3.51,0.54,9.5,5
414,6.6,0.52,0.04,2.2,0.069,8.0,15.0,0.9956,3.4,0.63,9.4,6
415,7.5,0.77,0.2,8.1,0.098,30.0,92.0,0.99892,3.2,0.58,9.2,5
416,12.7,0.6,0.49,2.8,0.075,5.0,19.0,0.9994,3.14,0.57,11.4,5
417,9.9,0.35,0.41,2.3,0.083,11.0,61.0,0.9982,3.21,0.5,9.5,5
418,7.6,0.42,0.25,3.9,0.10400000000000001,28.0,90.0,0.99784,3.15,0.57,9.1,5
419,7.7,0.43,0.25,2.6,0.073,29.0,63.0,0.99615,3.37,0.58,10.5,6
420,9.0,0.8,0.12,2.4,0.083,8.0,28.0,0.99836,3.33,0.65,10.4,6
421,9.3,0.36,0.39,1.5,0.08,41.0,55.0,0.9965200000000001,3.47,0.73,10.9,6
422,6.4,0.63,0.21,1.6,0.08,12.0,32.0,0.9968899999999999,3.58,0.66,9.8,5
423,9.9,0.54,0.26,2.0,0.111,7.0,60.0,0.9970899999999999,2.94,0.98,10.2,5
424,9.3,0.33,0.45,1.5,0.057,19.0,37.0,0.99498,3.18,0.89,11.1,7
425,7.7,0.61,0.18,2.4,0.083,6.0,20.0,0.9963,3.29,0.6,10.2,6
426,12.8,0.84,0.63,2.4,0.08800000000000001,13.0,35.0,0.9997,3.1,0.6,10.4,6
427,7.0,0.45,0.34,2.7,0.08199999999999999,16.0,72.0,0.998,3.55,0.6,9.5,5
428,8.3,0.3,0.49,3.8,0.09,11.0,24.0,0.99498,3.27,0.64,12.1,7
429,9.1,0.28,0.46,9.0,0.114,3.0,9.0,0.9990100000000001,3.18,0.6,10.9,6
430,7.4,0.635,0.1,2.4,0.08,16.0,33.0,0.99736,3.58,0.69,10.8,7
431,6.6,0.5,0.04,2.1,0.068,6.0,14.0,0.9955,3.39,0.64,9.4,6
432,9.6,0.56,0.23,3.4,0.102,37.0,92.0,0.9996,3.3,0.65,10.1,5
433,10.1,0.45,0.23,1.9,0.08199999999999999,10.0,18.0,0.99774,3.22,0.65,9.3,6
434,9.6,0.38,0.42,1.9,0.071,5.0,13.0,0.99659,3.15,0.75,10.5,6
435,7.0,0.51,0.09,2.1,0.062,4.0,9.0,0.99584,3.35,0.54,10.5,5
436,11.1,0.31,0.53,2.2,0.06,3.0,10.0,0.99572,3.02,0.83,10.9,7
437,8.4,0.715,0.2,2.4,0.076,10.0,38.0,0.99735,3.31,0.64,9.4,5
438,7.8,0.53,0.01,1.6,0.077,3.0,19.0,0.995,3.16,0.46,9.8,5
439,7.6,0.51,0.15,2.8,0.11,33.0,73.0,0.9955,3.17,0.63,10.2,6
440,8.0,0.25,0.43,1.7,0.067,22.0,50.0,0.9946,3.38,0.6,11.9,6
441,10.2,0.44,0.58,4.1,0.092,11.0,24.0,0.99745,3.29,0.99,12.0,7
442,6.8,0.67,0.02,1.8,0.05,5.0,11.0,0.9962,3.48,0.52,9.5,5
443,7.8,0.5,0.12,1.8,0.17800000000000002,6.0,21.0,0.996,3.28,0.87,9.8,6
444,8.3,0.26,0.42,2.0,0.08,11.0,27.0,0.9974,3.21,0.8,9.4,6
445,8.8,0.61,0.14,2.4,0.067,10.0,42.0,0.9969,3.19,0.59,9.5,5
446,6.8,0.62,0.08,1.9,0.068,28.0,38.0,0.99651,3.42,0.82,9.5,6
447,9.9,0.59,0.07,3.4,0.102,32.0,71.0,1.00015,3.31,0.71,9.8,5
448,8.2,0.43,0.29,1.6,0.081,27.0,45.0,0.99603,3.25,0.54,10.3,5
449,9.9,0.63,0.24,2.4,0.077,6.0,33.0,0.9974,3.09,0.57,9.4,5
450,13.3,0.43,0.58,1.9,0.07,15.0,40.0,1.0004,3.06,0.49,9.0,5
451,9.9,0.63,0.24,2.4,0.077,6.0,33.0,0.9974,3.09,0.57,9.4,5
452,7.6,0.43,0.31,2.1,0.069,13.0,74.0,0.9958,3.26,0.54,9.9,6
453,10.5,0.26,0.47,1.9,0.078,6.0,24.0,0.9976,3.18,1.04,10.9,7
454,8.8,0.44,0.49,2.8,0.083,18.0,111.0,0.9982,3.3,0.6,9.5,5
455,8.1,0.29,0.36,2.2,0.048,35.0,53.0,0.995,3.27,1.01,12.4,7
456,6.8,0.36,0.32,1.8,0.067,4.0,8.0,0.9928,3.36,0.55,12.8,7
457,7.3,0.66,0.0,2.0,0.084,6.0,23.0,0.9983,3.61,0.96,9.9,6
458,7.2,0.35,0.26,1.8,0.083,33.0,75.0,0.9968,3.4,0.58,9.5,6
459,8.5,0.34,0.4,4.7,0.055,3.0,9.0,0.9973799999999999,3.38,0.66,11.6,7
460,7.4,0.49,0.19,3.0,0.077,16.0,37.0,0.9966,3.37,0.51,10.5,5
461,8.4,0.56,0.04,2.0,0.08199999999999999,10.0,22.0,0.9976,3.22,0.44,9.6,5
462,10.9,0.39,0.47,1.8,0.11800000000000001,6.0,14.0,0.9982,3.3,0.75,9.8,6
463,8.1,0.53,0.22,2.2,0.078,33.0,89.0,0.9967799999999999,3.26,0.46,9.6,6
464,8.8,0.45,0.43,1.4,0.076,12.0,21.0,0.99551,3.21,0.75,10.2,6
465,8.2,0.78,0.0,2.2,0.08900000000000001,13.0,26.0,0.9978,3.37,0.46,9.6,4
466,8.4,0.56,0.04,2.0,0.08199999999999999,10.0,22.0,0.9976,3.22,0.44,9.6,5
467,7.0,0.6,0.3,4.5,0.068,20.0,110.0,0.9991399999999999,3.3,1.17,10.2,5
468,9.2,0.52,1.0,3.4,0.61,32.0,69.0,0.9996,2.74,2.0,9.4,4
469,11.5,0.54,0.71,4.4,0.124,6.0,15.0,0.9984,3.01,0.83,11.8,7
470,5.4,0.835,0.08,1.2,0.046,13.0,93.0,0.9924,3.57,0.85,13.0,7
471,11.5,0.18,0.51,4.0,0.10400000000000001,4.0,23.0,0.9996,3.28,0.97,10.1,6
472,10.0,0.44,0.49,2.7,0.077,11.0,19.0,0.9963,3.23,0.63,11.6,7
473,10.8,0.32,0.44,1.6,0.063,16.0,37.0,0.9985,3.22,0.78,10.0,6
474,65.0,4.0,1.0,20.0,0.76,300.0,470.0,9.9554,33.6,4.8,94.0,60
475,9.0,0.44,0.49,2.4,0.078,26.0,121.0,0.9978,3.23,0.58,9.2,5
476,8.9,0.5,0.21,2.2,0.08800000000000001,21.0,39.0,0.99692,3.33,0.83,11.1,6
477,8.7,0.7,0.24,2.5,0.226,5.0,15.0,0.9991,3.32,0.6,9.0,6
478,8.5,0.46,0.59,1.4,0.414,16.0,45.0,0.99702,3.03,1.34,9.2,5
479,12.2,0.45,0.49,1.4,0.075,3.0,6.0,0.9969,3.13,0.63,10.4,5
480,12.3,0.39,0.63,2.3,0.091,6.0,18.0,1.0004,3.16,0.49,9.5,5
481,6.4,0.57,0.12,2.3,0.12,25.0,36.0,0.99519,3.47,0.71,11.3,7
482,8.2,0.4,0.31,1.9,0.08199999999999999,8.0,24.0,0.996,3.24,0.69,10.6,6
483,11.9,0.4,0.65,2.15,0.068,7.0,27.0,0.9988,3.06,0.68,11.3,6
484,7.8,0.58,0.13,2.1,0.102,17.0,36.0,0.9944,3.24,0.53,11.2,6
485,8.5,0.4,0.4,6.3,0.05,3.0,10.0,0.99566,3.28,0.56,12.0,4
486,7.7,0.715,0.01,2.1,0.064,31.0,43.0,0.99371,3.41,0.57,11.8,6
487,10.4,0.38,0.46,2.1,0.10400000000000001,6.0,10.0,0.99664,3.12,0.65,11.8,7
488,10.0,0.56,0.24,2.2,0.079,19.0,58.0,0.9991,3.18,0.56,10.1,6
489,7.9,0.3,0.68,8.3,0.05,37.5,278.0,0.99316,3.01,0.51,12.3,7
490,10.2,0.4,0.4,2.5,0.068,41.0,54.0,0.99754,3.38,0.86,10.5,6
491,9.3,0.43,0.44,1.9,0.085,9.0,22.0,0.99708,3.28,0.55,9.5,5
492,7.2,0.695,0.13,2.0,0.076,12.0,20.0,0.99546,3.29,0.54,10.1,5
493,,0.53,0.06,2.0,,29.0,,0.9948899999999999,3.38,0.83,10.3,6
494,7.7,0.75,0.27,3.8,0.11,34.0,89.0,0.99664,3.24,0.45,9.3,5
495,6.6,0.56,0.14,2.4,0.064,13.0,29.0,0.99397,3.42,0.62,11.7,7
496,10.2,0.34,0.48,2.1,0.052000000000000005,5.0,9.0,0.9945799999999999,3.2,0.69,12.1,7
497,6.7,0.28,0.28,2.4,0.012,36.0,100.0,0.99064,3.26,0.39,11.7,7
498,7.9,0.58,0.23,2.3,0.076,23.0,94.0,0.9968600000000001,3.21,0.58,9.5,6
499,6.3,0.3,0.48,1.8,0.069,18.0,61.0,0.9959,3.44,0.78,10.3,6
500,10.2,0.42,0.57,3.4,0.07,4.0,10.0,0.9971,3.04,0.63,9.6,5
501,5.3,0.57,0.01,1.7,0.054000000000000006,5.0,27.0,0.9934,3.57,0.84,12.5,7
502,7.2,0.6,0.04,2.5,0.076,18.0,88.0,0.99745,3.53,0.55,9.5,5
503,7.5,0.27,0.34,2.3,0.05,4.0,8.0,0.9951,3.4,0.64,11.0,7
504,11.2,0.5,0.74,5.15,0.1,5.0,17.0,0.9996,3.22,0.62,11.2,5
505,8.4,0.62,0.09,2.2,0.084,11.0,108.0,0.9964,3.15,0.66,9.8,5
506,7.9,1.04,0.05,2.2,0.084,13.0,29.0,0.9959,3.22,0.55,9.9,6
507,7.9,0.3,0.68,8.3,0.05,37.5,289.0,0.99316,3.01,0.51,12.3,7
508,7.4,0.635,0.1,2.4,0.08,16.0,33.0,0.99736,3.58,0.69,10.8,7
509,7.8,0.87,0.26,3.8,0.107,31.0,67.0,0.9966799999999999,3.26,0.46,9.2,5
510,5.2,0.48,0.04,1.6,0.054000000000000006,19.0,106.0,0.9927,3.54,0.62,12.2,7
511,7.5,0.58,0.56,3.1,0.153,5.0,14.0,0.9947600000000001,3.21,1.03,11.6,6
512,8.7,0.84,0.0,1.4,0.065,24.0,33.0,0.9954,3.27,0.55,9.7,5
513,8.9,0.59,0.39,2.3,0.095,5.0,22.0,0.9986,3.37,0.58,10.3,5
514,12.5,0.28,0.54,2.3,0.08199999999999999,12.0,29.0,0.9997,3.11,1.36,9.8,7
515,8.7,0.48,0.3,2.8,0.066,10.0,28.0,0.9964,3.33,0.67,11.2,7
516,6.7,0.76,0.02,1.8,0.078,6.0,12.0,0.996,3.55,0.63,9.95,3
517,8.4,0.39,0.1,1.7,0.075,6.0,25.0,0.9958100000000001,3.09,0.43,9.7,6
518,7.1,0.39,0.12,2.1,0.065,14.0,24.0,0.9925200000000001,3.3,0.53,13.3,6
519,7.0,0.42,0.35,1.6,0.08800000000000001,16.0,39.0,0.9961,3.34,0.55,9.2,5
520,6.5,0.615,0.0,1.9,0.065,9.0,18.0,0.9972,3.46,0.65,9.2,5
521,7.2,0.63,0.0,1.9,0.09699999999999999,14.0,38.0,0.99675,3.37,0.58,9.0,6
522,7.6,0.29,0.49,2.7,0.092,25.0,60.0,0.9971,3.31,0.61,10.1,6
523,7.6,0.5,0.29,2.3,0.086,5.0,14.0,0.9950200000000001,3.32,0.62,11.5,6
524,7.9,0.765,0.0,2.0,0.084,9.0,22.0,0.9961899999999999,3.33,0.68,10.9,6
525,6.8,0.61,0.2,1.8,0.077,11.0,65.0,0.9971,3.54,0.58,9.3,5
526,7.8,0.545,0.12,2.5,0.068,11.0,35.0,0.996,3.34,0.61,11.6,6
527,8.1,0.78,0.23,2.6,0.059000000000000004,5.0,15.0,0.997,3.37,0.56,11.3,5
528,9.6,0.68,0.24,2.2,0.087,5.0,28.0,0.9988,3.14,0.6,10.2,5
529,7.1,0.43,0.42,5.5,0.07,29.0,129.0,0.9973,3.42,0.72,10.5,5
530,7.6,0.68,0.02,1.3,0.07200000000000001,9.0,20.0,0.9965,3.17,1.08,9.2,4
531,6.8,0.59,0.1,1.7,0.063,34.0,53.0,0.9958,3.41,0.67,9.7,5
532,5.2,0.32,0.25,1.8,0.10300000000000001,13.0,50.0,0.9957,3.38,0.55,9.2,5
533,7.9,0.19,0.42,1.6,0.057,18.0,30.0,0.9940000000000001,3.29,0.69,11.2,6
534,8.0,0.67,0.3,2.0,0.06,38.0,62.0,0.9958,3.26,0.56,10.2,6
535,7.2,0.48,0.07,5.5,0.08900000000000001,10.0,18.0,0.99684,3.37,0.68,11.2,7
536,6.7,0.67,0.02,1.9,0.061,26.0,42.0,0.9948899999999999,3.39,0.82,10.9,6
537,7.2,0.41,0.3,2.1,0.083,35.0,72.0,0.997,3.44,0.52,9.4,5
538,7.1,0.6,0.01,2.3,0.079,24.0,37.0,0.9951399999999999,3.4,0.61,10.9,6
539,8.3,1.02,0.02,3.4,0.084,6.0,11.0,0.99892,3.48,0.49,11.0,3
540,7.8,0.52,0.25,1.9,0.081,14.0,38.0,0.9984,3.43,0.65,9.0,6
541,8.8,0.27,0.46,2.1,0.095,20.0,29.0,0.9948799999999999,3.26,0.56,11.3,6
542,8.9,0.12,0.45,1.8,0.075,10.0,21.0,0.9955200000000001,3.41,0.76,11.9,7
543,7.9,0.24,0.4,1.6,0.055999999999999994,11.0,25.0,0.9967,3.32,0.87,8.7,6
544,9.1,0.3,0.41,2.0,0.068,10.0,24.0,0.99523,3.27,0.85,11.7,7
545,8.1,0.66,0.22,2.2,0.069,9.0,23.0,0.9968,3.3,1.2,10.3,5
546,9.3,0.48,0.29,2.1,0.127,6.0,16.0,0.9968,3.22,0.72,11.2,5
547,10.6,0.36,0.57,2.3,0.087,6.0,20.0,0.9967600000000001,3.14,0.72,11.1,7
548,11.4,0.36,0.69,2.1,0.09,6.0,21.0,1.0,3.17,0.62,9.2,6
549,10.8,0.29,0.42,1.6,0.084,19.0,27.0,0.99545,3.28,0.73,11.9,6
550,6.8,0.69,0.0,5.6,0.124,21.0,58.0,0.9997,3.46,0.72,10.2,5
551,8.0,0.59,0.16,1.8,0.065,3.0,16.0,0.9962,3.42,0.92,10.5,7
552,8.7,0.54,0.26,2.5,0.09699999999999999,7.0,31.0,0.9976,3.27,0.6,9.3,6
553,6.6,0.7,0.08,2.6,0.106,14.0,27.0,0.99665,3.44,0.58,10.2,5
554,8.5,0.37,0.2,2.8,0.09,18.0,58.0,0.998,3.34,0.7,9.6,6
555,6.4,0.69,0.0,1.65,0.055,7.0,12.0,0.9916200000000001,3.47,0.53,12.9,6
556,7.1,0.22,0.49,1.8,0.039,8.0,18.0,0.99344,3.39,0.56,12.4,6
557,15.9,0.36,0.65,7.5,0.096,22.0,71.0,0.9976,2.98,0.84,14.9,5
558,7.1,0.46,0.14,2.8,0.076,15.0,37.0,0.99624,3.36,0.49,10.7,5
559,7.7,0.915,0.12,2.2,0.14300000000000002,7.0,23.0,0.9964,3.35,0.65,10.2,7
560,7.7,0.66,0.04,1.6,0.039,4.0,9.0,0.9962,3.4,0.47,9.4,5
561,7.4,0.965,0.0,2.2,0.08800000000000001,16.0,32.0,0.99756,3.58,0.67,10.2,5
562,11.1,0.39,0.54,2.7,0.095,21.0,101.0,1.0001,3.13,0.51,9.5,5
563,8.8,0.66,0.26,1.7,0.07400000000000001,4.0,23.0,0.9971,3.15,0.74,9.2,5
564,7.4,0.63,0.07,2.4,0.09,11.0,37.0,0.9979,3.43,0.76,9.7,6
565,8.8,0.61,0.19,4.0,0.094,30.0,69.0,0.99787,3.22,0.5,10.0,6
566,10.4,0.34,0.58,3.7,0.174,6.0,16.0,0.997,3.19,0.7,11.3,6
567,6.6,0.57,0.02,2.1,0.115,6.0,16.0,0.99654,3.38,0.69,9.5,5
568,11.6,0.41,0.54,1.5,0.095,22.0,41.0,0.99735,3.02,0.76,9.9,7
569,9.0,0.47,0.31,2.7,0.084,24.0,125.0,0.9984,3.31,0.61,9.4,5
570,7.5,0.51,0.02,1.7,0.084,13.0,31.0,0.9953799999999999,3.36,0.54,10.5,6
571,,0.45,0.35,2.4,,23.0,,0.9987,3.38,0.62,9.5,5
572,8.2,0.44,0.24,2.3,0.063,10.0,28.0,0.99613,3.25,0.53,10.2,6
573,10.6,0.31,0.49,2.5,0.067,6.0,21.0,0.9987,3.26,0.86,10.7,6
574,11.6,0.32,0.55,2.8,0.081,35.0,67.0,1.0002,3.32,0.92,10.8,7
575,9.4,0.27,0.53,2.4,0.07400000000000001,6.0,18.0,0.9962,3.2,1.13,12.0,7
576,7.2,0.53,0.14,2.1,0.064,15.0,29.0,0.99323,3.35,0.61,12.1,6
577,7.3,0.91,0.1,1.8,0.07400000000000001,20.0,56.0,0.99672,3.35,0.56,9.2,5
578,11.6,0.44,0.64,2.1,0.059000000000000004,5.0,15.0,0.998,3.21,0.67,10.2,6
579,9.1,0.785,0.0,2.6,0.09300000000000001,11.0,28.0,0.9994,3.36,0.86,9.4,6
580,9.0,0.785,0.24,1.7,0.078,10.0,21.0,0.99692,3.29,0.67,10.0,5
581,11.5,0.315,0.54,2.1,0.084,5.0,15.0,0.9987,2.98,0.7,9.2,6
582,9.1,0.66,0.15,3.2,0.09699999999999999,9.0,59.0,0.99976,3.28,0.54,9.6,5
583,11.2,0.66,0.24,2.5,0.085,16.0,53.0,0.9993,3.06,0.72,11.0,6
584,8.1,0.785,0.52,2.0,0.122,37.0,153.0,0.9969,3.21,0.69,9.3,5
585,8.6,0.37,0.65,6.4,0.08,3.0,8.0,0.9981700000000001,3.27,0.58,11.0,5
586,12.6,0.39,0.49,2.5,0.08,8.0,20.0,0.9992,3.07,0.82,10.3,6
587,10.9,0.39,0.47,1.8,0.11800000000000001,6.0,14.0,0.9982,3.3,0.75,9.8,6
588,8.8,0.955,0.05,1.8,0.075,5.0,19.0,0.99616,3.3,0.44,9.6,4
589,10.2,0.54,0.37,15.4,0.214,55.0,95.0,1.00369,3.18,0.77,9.0,6
590,8.8,0.55,0.04,2.2,0.11900000000000001,14.0,56.0,0.9962,3.21,0.6,10.9,6
591,10.6,0.42,0.48,2.7,0.065,5.0,18.0,0.9972,3.21,0.87,11.3,6
592,11.5,0.35,0.49,3.3,0.07,10.0,37.0,1.0003,3.32,0.91,11.0,6
593,8.3,0.65,0.1,2.9,0.08900000000000001,17.0,40.0,0.99803,3.29,0.55,9.5,5
594,7.5,0.64,0.0,2.4,0.077,18.0,29.0,0.9965,3.32,0.6,10.0,6
595,7.7,0.62,0.04,3.8,0.084,25.0,45.0,0.9978,3.34,0.53,9.5,5
596,10.5,0.51,0.64,2.4,0.107,6.0,15.0,0.9973,3.09,0.66,11.8,7
597,8.8,0.41,0.64,2.2,0.09300000000000001,9.0,42.0,0.9986,3.54,0.66,10.5,5
598,5.0,1.04,0.24,1.6,0.05,32.0,96.0,0.9934,3.74,0.62,11.5,5
599,9.0,0.6,0.29,2.0,0.069,32.0,73.0,0.99654,3.34,0.57,10.0,5
600,6.5,0.53,0.06,2.0,0.063,29.0,44.0,0.9948899999999999,3.38,0.83,10.3,6
601,7.2,0.67,0.0,2.2,0.068,10.0,24.0,0.9956,3.42,0.72,11.1,6
602,5.4,0.74,0.0,1.2,0.040999999999999995,16.0,46.0,0.9925799999999999,4.01,0.59,12.5,6
603,10.9,0.32,0.52,1.8,0.132,17.0,44.0,0.99734,3.28,0.77,11.5,6
604,5.6,0.66,0.0,2.2,0.087,3.0,11.0,0.9937799999999999,3.71,0.63,12.8,7
605,7.3,0.67,0.02,2.2,0.07200000000000001,31.0,92.0,0.99566,3.32,0.68,11.066666666666698,6
606,7.5,0.59,0.22,1.8,0.08199999999999999,43.0,60.0,0.9949899999999999,3.1,0.42,9.2,5
607,8.9,0.59,0.5,2.0,0.337,27.0,81.0,0.9964,3.04,1.61,9.5,6
608,5.4,0.42,0.27,2.0,0.092,23.0,55.0,0.99471,3.78,0.64,12.3,7
609,70.0,5.0,2.5,20.0,0.7000000000000001,30.0,220.0,9.963,32.5,6.3,92.0,50
610,7.8,0.48,0.68,1.7,0.415,14.0,32.0,0.99656,3.09,1.06,9.1,6
611,7.6,0.9,0.06,2.5,0.079,5.0,10.0,0.9967,3.39,0.56,9.8,5
612,11.9,0.57,0.5,2.6,0.08199999999999999,6.0,32.0,1.0006,3.12,0.78,10.7,6
613,7.8,0.56,0.19,1.8,0.10400000000000001,12.0,47.0,0.9964,3.19,0.93,9.5,5
614,90.0,5.8,2.5,20.0,1.04,80.0,210.0,9.9769,32.7,7.199999999999999,96.0,50
615,7.9,0.53,0.24,2.0,0.07200000000000001,15.0,105.0,0.996,3.27,0.54,9.4,6
616,,0.47,0.11,2.2,,16.0,,0.99182,3.54,0.88,13.6,7
617,7.3,0.305,0.39,1.2,0.059000000000000004,7.0,11.0,0.99331,3.29,0.52,11.5,6
618,8.2,0.73,0.21,1.7,0.07400000000000001,5.0,13.0,0.9968,3.2,0.52,9.5,5
619,8.0,0.42,0.32,2.5,0.08,26.0,122.0,0.9980100000000001,3.22,1.07,9.7,5
620,6.8,0.785,0.0,2.4,0.10400000000000001,14.0,30.0,0.9966,3.52,0.55,10.7,6
621,7.8,0.56,0.12,2.0,0.08199999999999999,7.0,28.0,0.997,3.37,0.5,9.4,6
622,9.3,0.39,0.44,2.1,0.107,34.0,125.0,0.9978,3.14,1.22,9.5,5
623,8.2,0.28,0.6,3.0,0.10400000000000001,10.0,22.0,0.99828,3.39,0.68,10.6,5
624,7.6,1.58,0.0,2.1,0.13699999999999998,5.0,9.0,0.9947600000000001,3.5,0.4,10.9,3
625,7.8,0.645,0.0,2.0,0.08199999999999999,8.0,16.0,0.9964,3.38,0.59,9.8,6
626,7.9,0.545,0.06,4.0,0.087,27.0,61.0,0.9965,3.36,0.67,10.7,6
627,7.3,1.07,0.09,1.7,0.17800000000000002,10.0,89.0,0.9962,3.3,0.57,9.0,5
628,7.8,0.55,0.35,2.2,0.07400000000000001,21.0,66.0,0.9974,3.25,0.56,9.2,5
629,6.7,0.41,0.43,2.8,0.076,22.0,54.0,0.99572,3.42,1.16,10.6,6
630,10.1,0.65,0.37,5.1,0.11,11.0,65.0,1.0026,3.32,0.64,10.4,6
631,7.7,0.69,0.05,2.7,0.075,15.0,27.0,0.9974,3.26,0.61,9.1,5
632,5.6,0.5,0.09,2.3,0.049,17.0,99.0,0.9937,3.63,0.63,13.0,5
633,8.0,0.58,0.28,3.2,0.066,21.0,114.0,0.9973,3.22,0.54,9.4,6
634,9.3,0.715,0.24,2.1,0.07,5.0,20.0,0.9966,3.12,0.59,9.9,5
635,9.1,0.37,0.32,2.1,0.064,4.0,15.0,0.9957600000000001,3.3,0.8,11.2,6
636,8.6,0.685,0.1,1.6,0.092,3.0,12.0,0.99745,3.31,0.65,9.55,6
637,5.3,0.715,0.19,1.5,0.161,7.0,62.0,0.99395,3.62,0.61,11.0,5
638,8.0,0.71,0.0,2.6,0.08,11.0,34.0,0.9976,3.44,0.53,9.5,5
639,8.4,0.29,0.4,1.7,0.067,8.0,20.0,0.99603,3.39,0.6,10.5,5
640,7.8,0.34,0.37,2.0,0.08199999999999999,24.0,58.0,0.9964,3.34,0.59,9.4,6
641,7.4,0.7,0.0,1.9,0.076,11.0,34.0,0.9978,3.51,0.56,9.4,5
642,8.3,0.26,0.42,2.0,0.08,11.0,27.0,0.9974,3.21,0.8,9.4,6
643,6.3,0.51,0.13,2.3,0.076,29.0,40.0,0.99574,3.42,0.75,11.0,6
644,8.3,0.65,0.1,2.9,0.08900000000000001,17.0,40.0,0.99803,3.29,0.55,9.5,5
645,10.5,0.36,0.47,2.2,0.07400000000000001,9.0,23.0,0.9963799999999999,3.23,0.76,12.0,6
646,7.5,0.53,0.06,2.6,0.086,20.0,44.0,0.9965,3.38,0.59,10.7,6
647,7.1,0.46,0.14,2.8,0.076,15.0,37.0,0.99624,3.36,0.49,10.7,5
648,8.4,0.59,0.29,2.6,0.109,31.0,119.0,0.9980100000000001,3.15,0.5,9.1,5
649,7.6,0.685,0.23,2.3,0.111,20.0,84.0,0.9964,3.21,0.61,9.3,5
650,9.0,0.58,0.25,2.8,0.075,9.0,104.0,0.99779,3.23,0.57,9.7,5
651,5.2,0.34,0.0,1.8,0.05,27.0,63.0,0.9916,3.68,0.79,14.0,6
652,7.6,0.43,0.29,2.1,0.075,19.0,66.0,0.99718,3.4,0.64,9.5,5
653,6.9,0.58,0.2,1.75,0.057999999999999996,8.0,22.0,0.9932200000000001,3.38,0.49,11.7,5
654,8.3,0.715,0.15,1.8,0.08900000000000001,10.0,52.0,0.9968,3.23,0.77,9.5,5
655,6.8,0.77,0.0,1.8,0.066,34.0,52.0,0.9976,3.62,0.68,9.9,5
656,8.2,1.0,0.09,2.3,0.065,7.0,37.0,0.99685,3.32,0.55,9.0,6
657,9.5,0.57,0.27,2.3,0.08199999999999999,23.0,144.0,0.99782,3.27,0.55,9.4,5
658,7.4,0.29,0.38,1.7,0.062,9.0,30.0,0.9968,3.41,0.53,9.5,6
659,6.3,0.57,0.28,2.1,0.048,13.0,49.0,0.99374,3.41,0.6,12.8,5
660,10.0,0.48,0.24,2.7,0.102,13.0,32.0,1.0,3.28,0.56,10.0,6
661,10.4,0.64,0.24,2.8,0.105,29.0,53.0,0.9998,3.24,0.67,9.9,5
662,11.1,0.44,0.42,2.2,0.064,14.0,19.0,0.9975799999999999,3.25,0.57,10.4,6
663,8.3,0.26,0.42,2.0,0.08,11.0,27.0,0.9974,3.21,0.8,9.4,6
664,7.0,0.655,0.16,2.1,0.07400000000000001,8.0,25.0,0.9960600000000001,3.37,0.55,9.7,5
665,7.6,0.735,0.02,2.5,0.071,10.0,14.0,0.9953799999999999,3.51,0.71,11.7,7
666,10.5,0.43,0.35,3.3,0.092,24.0,70.0,0.99798,3.21,0.69,10.5,6
667,7.3,0.33,0.47,2.1,0.077,5.0,11.0,0.9958,3.33,0.53,10.3,6
668,7.7,0.23,0.37,1.8,0.046,23.0,60.0,0.9971,3.41,0.71,12.1,6
669,9.3,0.61,0.26,3.4,0.09,25.0,87.0,0.99975,3.24,0.62,9.7,5
670,9.2,0.58,0.2,3.0,0.081,15.0,115.0,0.998,3.23,0.59,9.5,5
671,8.0,0.57,0.23,3.2,0.073,17.0,119.0,0.99675,3.26,0.57,9.3,5
672,10.0,0.41,0.45,6.2,0.071,6.0,14.0,0.99702,3.21,0.49,11.8,7
673,9.2,0.36,0.34,1.6,0.062,5.0,12.0,0.9966700000000001,3.2,0.67,10.5,6
674,78.0,5.6000000000000005,1.9,21.0,0.81,150.0,1050.0,9.962,33.3,5.4,95.0,50
675,8.2,0.5,0.35,2.9,0.077,21.0,127.0,0.9976,3.23,0.62,9.4,5
676,6.6,0.84,0.03,2.3,0.059000000000000004,32.0,48.0,0.9952,3.52,0.56,12.3,7
677,7.2,0.63,0.0,1.9,0.09699999999999999,14.0,38.0,0.99675,3.37,0.58,9.0,6
678,7.6,0.54,0.13,2.5,0.09699999999999999,24.0,66.0,0.99785,3.39,0.61,9.4,5
679,6.8,0.41,0.31,8.8,0.084,26.0,45.0,0.99824,3.38,0.64,10.1,6
680,8.2,0.2,0.43,2.5,0.076,31.0,51.0,0.99672,3.53,0.81,10.4,6
681,7.1,0.66,0.0,2.4,0.052000000000000005,6.0,11.0,0.99318,3.35,0.66,12.7,7
682,8.5,0.34,0.44,1.7,0.079,6.0,12.0,0.99605,3.52,0.63,10.7,5
683,9.5,0.59,0.44,2.3,0.071,21.0,68.0,0.9992,3.46,0.63,9.5,5
684,4.9,0.42,0.0,2.1,0.048,16.0,42.0,0.99154,3.71,0.74,14.0,7
685,7.6,0.36,0.31,1.7,0.079,26.0,65.0,0.99716,3.46,0.62,9.5,6
686,7.0,0.685,0.0,1.9,0.099,9.0,22.0,0.9960600000000001,3.34,0.6,9.7,5
687,8.1,0.72,0.09,2.8,0.084,18.0,49.0,0.9994,3.43,0.72,11.1,6
688,5.9,0.395,0.13,2.4,0.055999999999999994,14.0,28.0,0.9936200000000001,3.62,0.67,12.4,6
689,7.5,0.6,0.03,1.8,0.095,25.0,99.0,0.995,3.35,0.54,10.1,5
690,7.4,0.785,0.19,5.2,0.094,19.0,98.0,0.99713,3.16,0.52,9.6,6
691,10.3,0.43,0.44,2.4,0.214,5.0,12.0,0.9994,3.19,0.63,9.5,6
692,8.1,0.725,0.22,2.2,0.07200000000000001,11.0,41.0,0.9967,3.36,0.55,9.1,5
693,9.1,0.765,0.04,1.6,0.078,4.0,14.0,0.998,3.29,0.54,9.7,4
694,10.3,0.5,0.42,2.0,0.069,21.0,51.0,0.9982,3.16,0.72,11.5,6
695,9.0,0.69,0.0,2.4,0.08800000000000001,19.0,38.0,0.9990000000000001,3.35,0.6,9.3,5
696,7.0,0.65,0.02,2.1,0.066,8.0,25.0,0.9972,3.47,0.67,9.5,6
697,9.7,0.66,0.34,2.6,0.094,12.0,88.0,0.9979600000000001,3.26,0.66,10.1,5
698,7.5,0.52,0.42,2.3,0.087,8.0,38.0,0.9972,3.58,0.61,10.5,6
699,10.7,0.35,0.53,2.6,0.07,5.0,16.0,0.9972,3.15,0.65,11.0,8
700,5.0,0.38,0.01,1.6,0.048,26.0,60.0,0.9908399999999999,3.7,0.75,14.0,6
701,8.3,0.845,0.01,2.2,0.07,5.0,14.0,0.9967,3.32,0.58,11.0,4
702,10.7,0.4,0.48,2.1,0.125,15.0,49.0,0.998,3.03,0.81,9.7,6
703,7.7,0.63,0.08,1.9,0.076,15.0,27.0,0.9967,3.32,0.54,9.5,6
704,8.8,0.52,0.34,2.7,0.087,24.0,122.0,0.9982,3.26,0.61,9.5,5
705,6.6,0.695,0.0,2.1,0.075,12.0,56.0,0.9968,3.49,0.67,9.2,5
706,7.0,0.59,0.0,1.7,0.052000000000000005,3.0,8.0,0.996,3.41,0.47,10.3,5
707,8.9,0.28,0.45,1.7,0.067,7.0,12.0,0.99354,3.25,0.55,12.3,7
708,11.7,0.45,0.63,2.2,0.073,7.0,23.0,0.99974,3.21,0.69,10.9,6
709,9.2,0.67,0.1,3.0,0.091,12.0,48.0,0.9988799999999999,3.31,0.54,9.5,6
710,10.2,0.29,0.49,2.6,0.059000000000000004,5.0,13.0,0.9976,3.05,0.74,10.5,7
711,7.7,0.54,0.26,1.9,0.08900000000000001,23.0,147.0,0.99636,3.26,0.59,9.7,5
712,10.0,0.56,0.24,2.2,0.079,19.0,58.0,0.9991,3.18,0.56,10.1,6
713,9.2,0.56,0.18,1.6,0.078,10.0,21.0,0.9957600000000001,3.15,0.49,9.9,5
714,8.0,0.31,0.45,2.1,0.21600000000000005,5.0,16.0,0.9935799999999999,3.15,0.81,12.5,7
715,6.1,0.34,0.25,1.8,0.084,4.0,28.0,0.99464,3.36,0.44,10.1,5
716,6.6,0.735,0.02,7.9,0.122,68.0,124.0,0.9994,3.47,0.53,9.9,5
717,6.9,0.56,0.03,1.5,0.086,36.0,46.0,0.9952200000000001,3.53,0.57,10.6,5
718,12.3,0.5,0.49,2.2,0.08900000000000001,5.0,14.0,1.0002,3.19,0.44,9.6,5
719,7.4,0.35,0.33,2.4,0.068,9.0,26.0,0.9947,3.36,0.6,11.9,6
720,7.2,0.41,0.3,2.1,0.083,35.0,72.0,0.997,3.44,0.52,9.4,5
721,9.2,0.43,0.49,2.4,0.086,23.0,116.0,0.9976,3.23,0.64,9.5,5
722,8.2,0.51,0.24,2.0,0.079,16.0,86.0,0.99764,3.34,0.64,9.5,6
723,7.1,0.67,0.0,2.3,0.083,18.0,27.0,0.9976799999999999,3.44,0.54,9.4,5
724,6.8,0.59,0.06,6.0,0.06,11.0,18.0,0.9962,3.41,0.59,10.8,7
725,7.3,0.38,0.21,2.0,0.08,7.0,35.0,0.9961,3.33,0.47,9.5,5
726,7.1,0.59,0.01,2.5,0.077,20.0,85.0,0.99746,3.55,0.59,9.8,5
727,7.6,0.3,0.42,2.0,0.052000000000000005,6.0,24.0,0.9963,3.44,0.82,11.9,6
728,8.9,0.31,0.57,2.0,0.111,26.0,85.0,0.9971,3.26,0.53,9.7,5
729,8.6,0.49,0.28,1.9,0.11,20.0,136.0,0.9972,2.93,1.95,9.9,6
730,6.0,0.64,0.05,1.9,0.066,9.0,17.0,0.9949600000000001,3.52,0.78,10.6,5
731,10.1,0.27,0.54,2.3,0.065,7.0,26.0,0.99531,3.17,0.53,12.5,6
732,8.3,0.655,0.12,2.3,0.083,15.0,113.0,0.9966,3.17,0.66,9.8,5
733,7.0,0.745,0.12,1.8,0.114,15.0,64.0,0.9958799999999999,3.22,0.59,9.5,6
734,8.0,0.58,0.16,2.0,0.12,3.0,7.0,0.99454,3.22,0.58,11.2,6
735,7.8,0.43,0.32,2.8,0.08,29.0,58.0,0.9974,3.31,0.64,10.3,5
736,7.2,0.39,0.44,2.6,0.066,22.0,48.0,0.9949399999999999,3.3,0.84,11.5,6
737,9.1,0.4,0.5,1.8,0.071,7.0,16.0,0.9946200000000001,3.21,0.69,12.5,8
738,7.4,0.61,0.01,2.0,0.07400000000000001,13.0,38.0,0.9974799999999999,3.48,0.65,9.8,5
739,9.2,0.53,0.24,2.6,0.078,28.0,139.0,0.9978799999999999,3.21,0.57,9.5,5
740,6.8,0.41,0.31,8.8,0.084,26.0,45.0,0.99824,3.38,0.64,10.1,6
741,15.6,0.645,0.49,4.2,0.095,10.0,23.0,1.00315,2.92,0.74,11.1,5
742,7.1,0.31,0.3,2.2,0.053,36.0,127.0,0.9965,2.94,1.62,9.5,5
743,7.1,0.46,0.2,1.9,0.077,28.0,54.0,0.9956,3.37,0.64,10.4,6
744,7.4,0.55,0.19,1.8,0.08199999999999999,15.0,34.0,0.99655,3.49,0.68,10.5,5
745,7.0,0.69,0.0,1.9,0.114,3.0,10.0,0.99636,3.35,0.6,9.7,6
746,9.6,0.68,0.24,2.2,0.087,5.0,28.0,0.9988,3.14,0.6,10.2,5
747,9.4,0.34,0.37,2.2,0.075,5.0,13.0,0.998,3.22,0.62,9.2,5
748,9.3,0.39,0.4,2.6,0.073,10.0,26.0,0.9984,3.34,0.75,10.2,6
749,10.4,0.52,0.45,2.0,0.08,6.0,13.0,0.99774,3.22,0.76,11.4,6
750,9.1,0.29,0.33,2.05,0.063,13.0,27.0,0.99516,3.26,0.84,11.7,7
751,7.9,0.33,0.41,1.5,0.055999999999999994,6.0,35.0,0.9939600000000001,3.29,0.71,11.0,6
752,8.6,0.645,0.25,2.0,0.083,8.0,28.0,0.99815,3.28,0.6,10.0,6
753,8.2,0.915,0.27,2.1,0.08800000000000001,7.0,23.0,0.9962,3.26,0.47,10.0,4
754,11.3,0.34,0.45,2.0,0.08199999999999999,6.0,15.0,0.9988,2.94,0.66,9.2,6
755,6.2,0.6,0.08,2.0,0.09,32.0,44.0,0.9949,3.45,0.58,10.5,5
756,6.5,0.52,0.11,1.8,0.073,13.0,38.0,0.9955,3.34,0.52,9.3,5
757,6.3,0.6,0.1,1.6,0.048,12.0,26.0,0.99306,3.55,0.51,12.1,5
758,7.4,0.53,0.26,2.0,0.10099999999999999,16.0,72.0,0.9957,3.15,0.57,9.4,5
759,8.8,0.42,0.21,2.5,0.092,33.0,88.0,0.99823,3.19,0.52,9.2,5
760,7.1,0.59,0.02,2.3,0.08199999999999999,24.0,94.0,0.99744,3.55,0.53,9.7,6
761,7.0,0.43,0.02,1.9,0.08,15.0,28.0,0.99492,3.35,0.81,10.6,6
762,8.6,0.83,0.0,2.8,0.095,17.0,43.0,0.9982200000000001,3.33,0.6,10.4,6
763,8.4,0.36,0.32,2.2,0.081,32.0,79.0,0.9964,3.3,0.72,11.0,6
764,6.7,0.54,0.13,2.0,0.076,15.0,36.0,0.9973,3.61,0.64,9.8,5
765,7.4,0.37,0.43,2.6,0.08199999999999999,18.0,82.0,0.99708,3.33,0.68,9.7,6
766,10.0,0.29,0.4,2.9,0.098,10.0,26.0,1.0006,3.48,0.91,9.7,5
767,8.0,0.6,0.22,2.1,0.08,25.0,105.0,0.99613,3.3,0.49,9.9,5
768,8.7,0.78,0.51,1.7,0.415,12.0,66.0,0.99623,3.0,1.17,9.2,5
769,8.1,0.575,0.22,2.1,0.077,12.0,65.0,0.9967,3.29,0.51,9.2,5
770,7.8,0.56,0.19,1.8,0.10400000000000001,12.0,47.0,0.9964,3.19,0.93,9.5,5
771,7.8,0.44,0.28,2.7,0.1,18.0,95.0,0.9966,3.22,0.67,9.4,5
772,7.2,0.65,0.02,2.3,0.094,5.0,31.0,0.9993,3.67,0.8,9.7,5
773,8.9,0.61,0.49,2.0,0.27,23.0,110.0,0.9972,3.12,1.02,9.3,5
774,7.0,0.5,0.14,1.8,0.078,10.0,23.0,0.99636,3.53,0.61,10.4,5
775,7.9,0.35,0.21,1.9,0.073,46.0,102.0,0.9964,3.27,0.58,9.5,5
776,9.3,0.655,0.26,2.0,0.096,5.0,35.0,0.9973799999999999,3.25,0.42,9.6,5
777,9.6,0.42,0.35,2.1,0.083,17.0,38.0,0.9962200000000001,3.23,0.66,11.1,6
778,9.4,0.41,0.48,4.6,0.07200000000000001,10.0,20.0,0.9973,3.34,0.79,12.2,7
779,9.9,0.5,0.5,13.8,0.205,48.0,82.0,1.00242,3.16,0.75,8.8,5
780,7.0,0.62,0.1,1.4,0.071,27.0,63.0,0.996,3.28,0.61,9.2,5
781,7.3,0.48,0.32,2.1,0.062,31.0,54.0,0.9972799999999999,3.3,0.65,10.0,7
782,10.6,0.44,0.68,4.1,0.114,6.0,24.0,0.997,3.06,0.66,13.4,6
783,6.2,0.57,0.1,2.1,0.048,4.0,11.0,0.9944799999999999,3.44,0.76,10.8,6
784,9.5,0.59,0.44,2.3,0.071,21.0,68.0,0.9992,3.46,0.63,9.5,5
785,6.6,0.5,0.01,1.5,0.06,17.0,26.0,0.9952,3.4,0.58,9.8,6
786,6.1,0.715,0.1,2.6,0.053,13.0,27.0,0.9936200000000001,3.57,0.5,11.9,5
787,8.8,0.4,0.4,2.2,0.079,19.0,52.0,0.998,3.44,0.64,9.2,5
788,7.2,0.34,0.21,2.5,0.075,41.0,68.0,0.9958600000000001,3.37,0.54,10.1,6
789,7.2,0.56,0.26,2.0,0.083,13.0,100.0,0.9958600000000001,3.26,0.52,9.9,5
790,6.8,0.64,0.0,2.7,0.12300000000000001,15.0,33.0,0.9953799999999999,3.44,0.63,11.3,6
791,8.5,0.21,0.52,1.9,0.09,9.0,23.0,0.9964799999999999,3.36,0.67,10.4,5
792,,0.65,0.06,1.6,,6.0,,0.9934799999999999,3.57,0.54,11.95,5
793,7.0,0.56,0.17,1.7,0.065,15.0,24.0,0.9951399999999999,3.44,0.68,10.55,7
794,7.1,0.84,0.02,4.4,0.096,5.0,13.0,0.997,3.41,0.57,11.0,4
795,9.9,0.27,0.49,5.0,0.08199999999999999,9.0,17.0,0.99484,3.19,0.52,12.5,7
796,7.8,0.6,0.26,2.0,0.08,31.0,131.0,0.9962200000000001,3.21,0.52,9.9,5
797,6.9,0.45,0.11,2.4,0.043,6.0,12.0,0.99354,3.3,0.65,11.4,6
798,8.9,0.48,0.24,2.85,0.094,35.0,106.0,0.9982,3.1,0.53,9.2,5
799,12.5,0.6,0.49,4.3,0.1,5.0,14.0,1.001,3.25,0.74,11.9,6
800,126.0,3.8,6.6000000000000005,26.0,0.8800000000000001,100.0,410.0,10.009999999999998,31.7,6.800000000000001,98.0,60
801,9.3,0.36,0.39,1.5,0.08,41.0,55.0,0.9965200000000001,3.47,0.73,10.9,6
802,11.1,0.42,0.47,2.65,0.085,9.0,34.0,0.99736,3.24,0.77,12.1,7
803,8.7,0.29,0.52,1.6,0.113,12.0,37.0,0.9969,3.25,0.58,9.5,5
804,6.9,0.54,0.04,3.0,0.077,7.0,27.0,0.9987,3.69,0.91,9.4,6
805,6.7,0.42,0.27,8.6,0.068,24.0,148.0,0.9948,3.16,0.57,11.3,6
806,9.1,0.47,0.49,2.6,0.094,38.0,106.0,0.9982,3.08,0.59,9.1,5
807,6.8,0.64,0.03,2.3,0.075,14.0,31.0,0.99545,3.36,0.58,10.4,6
808,7.8,0.32,0.44,2.7,0.10400000000000001,8.0,17.0,0.9973200000000001,3.33,0.78,11.0,7
809,12.0,0.28,0.49,1.9,0.07400000000000001,10.0,21.0,0.9976,2.98,0.66,9.9,7
810,6.7,0.75,0.01,2.4,0.078,17.0,32.0,0.9955,3.55,0.61,12.8,6
811,8.2,0.38,0.32,2.5,0.08,24.0,71.0,0.99624,3.27,0.85,11.0,6
812,10.3,0.59,0.42,2.8,0.09,35.0,73.0,0.9990000000000001,3.28,0.7,9.5,6
813,7.8,0.815,0.01,2.6,0.07400000000000001,48.0,90.0,0.99621,3.38,0.62,10.8,5
814,10.1,0.28,0.46,1.8,0.05,5.0,13.0,0.9974,3.04,0.79,10.2,6
815,9.1,0.22,0.24,2.1,0.078,1.0,28.0,0.9990000000000001,3.41,0.87,10.3,6
816,8.7,0.33,0.38,3.3,0.063,10.0,19.0,0.9946799999999999,3.3,0.73,12.0,7
817,11.7,0.28,0.47,1.7,0.054000000000000006,17.0,32.0,0.9968600000000001,3.15,0.67,10.6,7
818,7.9,0.57,0.31,2.0,0.079,10.0,79.0,0.99677,3.29,0.69,9.5,6
819,7.3,0.39,0.31,2.4,0.07400000000000001,9.0,46.0,0.9962,3.41,0.54,9.4,6
820,7.8,0.735,0.08,2.4,0.092,10.0,41.0,0.9974,3.24,0.71,9.8,6
821,12.5,0.46,0.49,4.5,0.07,26.0,49.0,0.9981,3.05,0.57,9.6,4
822,9.4,0.59,0.14,2.0,0.084,25.0,48.0,0.9981,3.14,0.56,9.7,5
823,9.3,0.655,0.26,2.0,0.096,5.0,35.0,0.9973799999999999,3.25,0.42,9.6,5
824,6.8,0.49,0.22,2.3,0.071,13.0,24.0,0.9943799999999999,3.41,0.83,11.3,6
825,7.2,0.645,0.0,1.9,0.09699999999999999,15.0,39.0,0.99675,3.37,0.58,9.2,6
826,6.6,0.855,0.02,2.4,0.062,15.0,23.0,0.9962700000000001,3.54,0.6,11.0,6
827,7.2,0.25,0.37,2.5,0.063,11.0,41.0,0.99439,3.52,0.8,12.4,7
828,7.8,0.82,0.29,4.3,0.083,21.0,64.0,0.9964200000000001,3.16,0.53,9.4,5
829,8.1,0.87,0.0,2.2,0.084,10.0,31.0,0.99656,3.25,0.5,9.8,5
830,7.4,0.64,0.07,1.8,0.1,8.0,23.0,0.9961,3.3,0.58,9.6,5
831,8.0,0.18,0.37,0.9,0.049,36.0,109.0,0.9900700000000001,2.89,0.44,12.7,6
832,11.3,0.37,0.5,1.8,0.09,20.0,47.0,0.99734,3.15,0.57,10.5,5
833,6.9,0.49,0.1,2.3,0.07400000000000001,12.0,30.0,0.9959,3.42,0.58,10.2,6
834,6.6,0.64,0.31,6.1,0.083,7.0,49.0,0.99718,3.35,0.68,10.3,5
835,8.8,0.3,0.38,2.3,0.06,19.0,72.0,0.9954299999999999,3.39,0.72,11.8,6
836,6.6,0.58,0.0,2.2,0.1,50.0,63.0,0.99544,3.59,0.68,11.4,6
837,7.2,0.36,0.46,2.1,0.07400000000000001,24.0,44.0,0.99534,3.4,0.85,11.0,7
838,7.7,0.28,0.3,2.0,0.062,18.0,34.0,0.9952,3.28,0.9,11.3,7
839,10.3,0.44,0.5,4.5,0.107,5.0,13.0,0.998,3.28,0.83,11.5,5
840,9.0,0.36,0.52,2.1,0.111,5.0,10.0,0.9956799999999999,3.31,0.62,11.3,6
841,9.4,0.3,0.56,2.8,0.08,6.0,17.0,0.9964,3.15,0.92,11.7,8
842,9.4,0.4,0.31,2.2,0.09,13.0,62.0,0.9966,3.07,0.63,10.5,6
843,8.3,0.705,0.12,2.6,0.092,12.0,28.0,0.9994,3.51,0.72,10.0,5
844,8.3,0.43,0.3,3.4,0.079,7.0,34.0,0.9978799999999999,3.36,0.61,10.5,5
845,8.1,0.67,0.55,1.8,0.11699999999999999,32.0,141.0,0.9968,3.17,0.62,9.4,5
846,8.2,0.6,0.17,2.3,0.07200000000000001,11.0,73.0,0.9963,3.2,0.45,9.3,5
847,9.1,0.795,0.0,2.6,0.096,11.0,26.0,0.9994,3.35,0.83,9.4,6
848,7.5,0.41,0.15,3.7,0.10400000000000001,29.0,94.0,0.9978600000000001,3.14,0.58,9.1,5
849,5.0,0.4,0.5,4.3,0.046,29.0,80.0,0.9902,3.49,0.66,13.6,6
850,7.7,0.41,0.76,1.8,0.611,8.0,45.0,0.9968,3.06,1.26,9.4,5
851,8.0,0.38,0.06,1.8,0.078,12.0,49.0,0.99625,3.37,0.52,9.9,6
852,6.6,0.5,0.0,1.8,0.062,21.0,28.0,0.9935200000000001,3.44,0.55,12.3,6
853,6.0,0.5,0.0,1.4,0.057,15.0,26.0,0.9944799999999999,3.36,0.45,9.5,5
854,8.9,0.4,0.32,5.6,0.087,10.0,47.0,0.9991,3.38,0.77,10.5,7
855,6.6,0.705,0.07,1.6,0.076,6.0,15.0,0.9962,3.44,0.58,10.7,5
856,6.1,0.38,0.15,1.8,0.07200000000000001,6.0,19.0,0.9955,3.42,0.57,9.4,5
857,11.1,0.45,0.73,3.2,0.066,6.0,22.0,0.9986,3.17,0.66,11.2,6
858,11.9,0.38,0.49,2.7,0.098,12.0,42.0,1.0004,3.16,0.61,10.3,5
859,4.6,0.52,0.15,2.1,0.054000000000000006,8.0,65.0,0.9934,3.9,0.56,13.1,4
860,7.2,0.695,0.13,2.0,0.076,12.0,20.0,0.99546,3.29,0.54,10.1,5
861,10.0,0.43,0.33,2.7,0.095,28.0,89.0,0.9984,3.22,0.68,10.0,5
862,7.5,0.49,0.2,2.6,0.332,8.0,14.0,0.9968,3.21,0.9,10.5,6
863,12.5,0.46,0.63,2.0,0.071,6.0,15.0,0.9988,2.99,0.87,10.2,5
864,7.8,0.645,0.0,5.5,0.086,5.0,18.0,0.9986,3.4,0.55,9.6,6
865,7.8,0.61,0.29,1.6,0.114,9.0,29.0,0.9974,3.26,1.56,9.1,5
866,10.7,0.46,0.39,2.0,0.061,7.0,15.0,0.9981,3.18,0.62,9.5,5
867,7.7,0.69,0.22,1.9,0.084,18.0,94.0,0.9961,3.31,0.48,9.5,5
868,7.3,0.38,0.21,2.0,0.08,7.0,35.0,0.9961,3.33,0.47,9.5,5
869,8.5,0.66,0.2,2.1,0.09699999999999999,23.0,113.0,0.9973299999999999,3.13,0.48,9.2,5
870,7.4,0.47,0.46,2.2,0.114,7.0,20.0,0.9964700000000001,3.32,0.63,10.5,5
871,8.7,0.69,0.31,3.0,0.086,23.0,81.0,1.0002,3.48,0.74,11.6,6
872,8.1,0.87,0.0,3.3,0.096,26.0,61.0,1.00025,3.6,0.72,9.8,4
873,9.3,0.49,0.36,1.7,0.081,3.0,14.0,0.99702,3.27,0.78,10.9,6
874,13.8,0.49,0.67,3.0,0.09300000000000001,6.0,15.0,0.9986,3.02,0.93,12.0,6
875,6.4,0.64,0.21,1.8,0.081,14.0,31.0,0.9968899999999999,3.59,0.66,9.8,5
876,8.8,0.46,0.45,2.6,0.065,7.0,18.0,0.9947,3.32,0.79,14.0,6
877,12.2,0.48,0.54,2.6,0.085,19.0,64.0,1.0,3.1,0.61,10.5,6
878,6.9,1.09,0.06,2.1,0.061,12.0,31.0,0.9948,3.51,0.43,11.4,4
879,10.6,0.31,0.49,2.2,0.063,18.0,40.0,0.9976,3.14,0.51,9.8,6
880,7.8,0.63,0.48,1.7,0.1,14.0,96.0,0.9961,3.19,0.62,9.5,5
881,6.2,0.36,0.24,2.2,0.095,19.0,42.0,0.9946,3.57,0.57,11.7,6
882,8.6,0.55,0.09,3.3,0.068,8.0,17.0,0.99735,3.23,0.44,10.0,5
883,8.0,0.62,0.35,2.8,0.086,28.0,52.0,0.997,3.31,0.62,10.8,5
884,5.6,0.85,0.05,1.4,0.045,12.0,88.0,0.9924,3.56,0.82,12.9,8
885,10.5,0.51,0.64,2.4,0.107,6.0,15.0,0.9973,3.09,0.66,11.8,7
886,7.2,0.33,0.33,1.7,0.061,3.0,13.0,0.996,3.23,1.1,10.0,8
887,7.7,0.39,0.12,1.7,0.09699999999999999,19.0,27.0,0.9959600000000001,3.16,0.49,9.4,5
888,13.0,0.47,0.49,4.3,0.085,6.0,47.0,1.0021,3.3,0.68,12.7,6
889,7.4,0.64,0.17,5.4,0.168,52.0,98.0,0.99736,3.28,0.5,9.5,5
890,10.6,0.5,0.45,2.6,0.11900000000000001,34.0,68.0,0.99708,3.23,0.72,10.9,6
891,7.6,0.95,0.03,2.0,0.09,7.0,20.0,0.9959,3.2,0.56,9.6,5
892,7.9,0.43,0.21,1.6,0.106,10.0,37.0,0.9966,3.17,0.91,9.5,5
893,8.2,0.28,0.4,2.4,0.052000000000000005,4.0,10.0,0.99356,3.33,0.7,12.8,7
894,7.2,0.655,0.03,1.8,0.078,7.0,12.0,0.99587,3.34,0.39,9.5,5
895,7.1,0.56,0.14,1.6,0.078,7.0,18.0,0.99592,3.27,0.62,9.3,5
896,8.0,0.83,0.27,2.0,0.08,11.0,63.0,0.9965200000000001,3.29,0.48,9.8,4
897,7.6,0.36,0.31,1.7,0.079,26.0,65.0,0.99716,3.46,0.62,9.5,6
898,11.3,0.34,0.45,2.0,0.08199999999999999,6.0,15.0,0.9988,2.94,0.66,9.2,6
899,9.4,0.685,0.26,2.4,0.08199999999999999,23.0,143.0,0.9978,3.28,0.55,9.4,5
900,6.4,0.38,0.14,2.2,0.038,15.0,25.0,0.9951399999999999,3.44,0.65,11.1,6
901,7.2,0.53,0.13,2.0,0.057999999999999996,18.0,22.0,0.9957299999999999,3.21,0.68,9.9,6
902,7.5,0.685,0.07,2.5,0.057999999999999996,5.0,9.0,0.9963200000000001,3.38,0.55,10.9,4
903,7.0,0.58,0.12,1.9,0.091,34.0,124.0,0.9956,3.44,0.48,10.5,5
904,6.9,0.41,0.33,2.2,0.081,22.0,36.0,0.9949,3.41,0.75,11.1,6
905,9.0,0.785,0.24,1.7,0.078,10.0,21.0,0.99692,3.29,0.67,10.0,5
906,8.7,0.69,0.31,3.0,0.086,23.0,81.0,1.0002,3.48,0.74,11.6,6
907,11.6,0.53,0.66,3.65,0.121,6.0,14.0,0.9978,3.05,0.74,11.5,7
908,9.8,0.5,0.34,2.3,0.094,10.0,45.0,0.99864,3.24,0.6,9.7,7
909,7.2,0.49,0.18,2.7,0.069,13.0,34.0,0.9967,3.29,0.48,9.2,6
910,7.1,0.755,0.15,1.8,0.107,20.0,84.0,0.99593,3.19,0.5,9.5,5
911,8.4,0.6,0.1,2.2,0.085,14.0,111.0,0.9964,3.15,0.66,9.8,5
912,7.2,1.0,0.0,3.0,0.102,7.0,16.0,0.9958600000000001,3.43,0.46,10.0,5
913,9.5,0.46,0.24,2.7,0.092,14.0,44.0,0.998,3.12,0.74,10.0,6
914,6.1,0.53,0.08,1.9,0.077,24.0,45.0,0.9952799999999999,3.6,0.68,10.3,6
915,6.7,0.46,0.24,1.7,0.077,18.0,34.0,0.9948,3.39,0.6,10.6,6
916,8.3,0.42,0.38,2.5,0.094,24.0,60.0,0.9979,3.31,0.7,10.8,6
917,6.0,0.51,0.0,2.1,0.064,40.0,54.0,0.995,3.54,0.93,10.7,6
918,9.9,0.35,0.38,1.5,0.057999999999999996,31.0,47.0,0.9967600000000001,3.26,0.82,10.6,7
919,7.3,0.67,0.26,1.8,0.401,16.0,51.0,0.9969,3.16,1.14,9.4,5
920,6.2,0.56,0.09,1.7,0.053,24.0,32.0,0.9940200000000001,3.54,0.6,11.3,5
921,8.3,0.6,0.25,2.2,0.11800000000000001,9.0,38.0,0.99616,3.15,0.53,9.8,5
922,11.9,0.43,0.66,3.1,0.109,10.0,23.0,1.0,3.15,0.85,10.4,7
923,7.5,0.5,0.36,6.1,0.071,17.0,102.0,0.9978,3.35,0.8,10.5,5
924,8.4,0.745,0.11,1.9,0.09,16.0,63.0,0.9965,3.19,0.82,9.6,5
925,6.9,0.44,0.0,1.4,0.07,32.0,38.0,0.9943799999999999,3.32,0.58,11.4,6
926,8.0,0.745,0.56,2.0,0.11800000000000001,30.0,134.0,0.9968,3.24,0.66,9.4,5
927,6.9,0.5,0.04,1.5,0.085,19.0,49.0,0.9958,3.35,0.78,9.5,5
928,11.6,0.41,0.58,2.8,0.096,25.0,101.0,1.00024,3.13,0.53,10.0,5
929,11.9,0.58,0.58,1.9,0.071,5.0,18.0,0.998,3.09,0.63,10.0,6
930,9.0,0.82,0.14,2.6,0.08900000000000001,9.0,23.0,0.9984,3.39,0.63,9.8,5
931,6.4,0.57,0.02,1.8,0.067,4.0,11.0,0.997,3.46,0.68,9.5,5
932,10.8,0.45,0.33,2.5,0.099,20.0,38.0,0.99818,3.24,0.71,10.8,5
933,9.9,0.54,0.45,2.3,0.071,16.0,40.0,0.9991,3.39,0.62,9.4,5
934,8.6,0.38,0.36,3.0,0.081,30.0,119.0,0.997,3.2,0.56,9.4,5
935,5.6,0.615,0.0,1.6,0.08900000000000001,16.0,59.0,0.9943,3.58,0.52,9.9,5
936,7.9,0.58,0.23,2.3,0.076,23.0,94.0,0.9968600000000001,3.21,0.58,9.5,6
937,8.3,0.625,0.2,1.5,0.08,27.0,119.0,0.9972,3.16,1.12,9.1,4
938,8.5,0.49,0.11,2.3,0.084,9.0,67.0,0.9968,3.17,0.53,9.4,5
939,7.9,0.4,0.29,1.8,0.157,1.0,44.0,0.9973,3.3,0.92,9.5,6
940,8.7,0.765,0.22,2.3,0.064,9.0,42.0,0.9963,3.1,0.55,9.4,5
941,6.9,0.74,0.03,2.3,0.054000000000000006,7.0,16.0,0.99508,3.45,0.63,11.5,6
942,7.6,0.62,0.32,2.2,0.08199999999999999,7.0,54.0,0.9966,3.36,0.52,9.4,5
943,11.4,0.46,0.5,2.7,0.122,4.0,17.0,1.0006,3.13,0.7,10.2,5
944,6.4,0.31,0.09,1.4,0.066,15.0,28.0,0.99459,3.42,0.7,10.0,7
945,10.0,0.42,0.5,3.4,0.107,7.0,21.0,0.9979,3.26,0.93,11.8,6
946,7.5,0.52,0.16,1.9,0.085,12.0,35.0,0.9968,3.38,0.62,9.5,7
947,8.4,0.62,0.12,1.8,0.07200000000000001,38.0,46.0,0.9950399999999999,3.38,0.89,11.8,6
948,6.4,0.36,0.53,2.2,0.23,19.0,35.0,0.9934,3.37,0.93,12.4,6
949,8.3,0.26,0.37,1.4,0.076,8.0,23.0,0.9974,3.26,0.7,9.6,6
950,7.0,0.23,0.4,1.6,0.063,21.0,67.0,0.9952,3.5,0.63,11.1,5
951,6.7,0.48,0.02,2.2,0.08,36.0,111.0,0.99524,3.1,0.53,9.7,5
952,7.4,1.185,0.0,4.25,0.09699999999999999,5.0,14.0,0.9966,3.63,0.54,10.7,3
953,9.8,1.24,0.34,2.0,0.079,32.0,151.0,0.998,3.15,0.53,9.5,5
954,9.0,0.48,0.32,2.8,0.084,21.0,122.0,0.9984,3.32,0.62,9.4,5
955,10.4,0.44,0.73,6.55,0.07400000000000001,38.0,76.0,0.9990000000000001,3.17,0.85,12.0,7
956,7.1,0.34,0.28,2.0,0.08199999999999999,31.0,68.0,0.9969399999999999,3.45,0.48,9.4,5
957,6.3,0.39,0.16,1.4,0.08,11.0,23.0,0.9955,3.34,0.56,9.3,5
958,9.7,0.55,0.17,2.9,0.087,20.0,53.0,1.0004,3.14,0.61,9.4,5
959,9.1,0.64,0.23,3.1,0.095,13.0,38.0,0.9998,3.28,0.59,9.7,5
960,7.7,0.56,0.2,2.0,0.075,9.0,39.0,0.9987,3.48,0.62,9.3,5
961,7.4,0.61,0.01,2.0,0.07400000000000001,13.0,38.0,0.9974799999999999,3.48,0.65,9.8,5
962,7.0,0.69,0.08,1.8,0.09699999999999999,22.0,89.0,0.9959,3.34,0.54,9.2,6
963,7.0,0.62,0.08,1.8,0.076,8.0,24.0,0.9978,3.48,0.53,9.0,5
964,9.2,0.63,0.21,2.7,0.09699999999999999,29.0,65.0,0.9988,3.28,0.58,9.6,5
965,7.8,0.6,0.14,2.4,0.086,3.0,15.0,0.9975,3.42,0.6,10.8,6
966,11.8,0.38,0.55,2.1,0.071,5.0,19.0,0.9986,3.11,0.62,10.8,6
967,7.2,0.58,0.54,2.1,0.114,3.0,9.0,0.9971899999999999,3.33,0.57,10.3,4
968,9.4,0.5,0.34,3.6,0.08199999999999999,5.0,14.0,0.9987,3.29,0.52,10.7,6
969,7.1,0.6,0.01,2.3,0.079,24.0,37.0,0.9951399999999999,3.4,0.61,10.9,6
970,7.2,0.38,0.3,1.8,0.073,31.0,70.0,0.99685,3.42,0.59,9.5,6
971,9.1,0.5,0.3,1.9,0.065,8.0,17.0,0.99774,3.32,0.71,10.5,6
972,8.0,0.42,0.17,2.0,0.073,6.0,18.0,0.9972,3.29,0.61,9.2,6
973,12.8,0.615,0.66,5.8,0.083,7.0,42.0,1.0022,3.07,0.73,10.0,7
974,7.4,0.6,0.26,2.1,0.083,17.0,91.0,0.99616,3.29,0.56,9.8,6
975,6.3,1.02,0.0,2.0,0.083,17.0,24.0,0.9943700000000001,3.59,0.55,11.2,4
976,10.4,0.28,0.54,2.7,0.105,5.0,19.0,0.9988,3.25,0.63,9.5,5
977,7.8,0.6,0.26,2.0,0.08,31.0,131.0,0.9962200000000001,3.21,0.52,9.9,5
978,6.9,0.52,0.25,2.6,0.081,10.0,37.0,0.99685,3.46,0.5,11.0,5
979,7.3,0.67,0.05,3.6,0.107,6.0,20.0,0.9972,3.4,0.63,10.1,5
980,6.6,0.735,0.02,7.9,0.122,68.0,124.0,0.9994,3.47,0.53,9.9,5
981,7.7,0.935,0.43,2.2,0.114,22.0,114.0,0.997,3.25,0.73,9.2,5
982,10.4,0.41,0.55,3.2,0.076,22.0,54.0,0.9996,3.15,0.89,9.9,6
983,6.0,0.5,0.0,1.4,0.057,15.0,26.0,0.9944799999999999,3.36,0.45,9.5,5
984,7.9,0.54,0.34,2.5,0.076,8.0,17.0,0.99235,3.2,0.72,13.1,8
985,8.3,0.615,0.22,2.6,0.087,6.0,19.0,0.9982,3.26,0.61,9.3,5
986,7.5,0.4,0.18,1.6,0.079,24.0,58.0,0.9965,3.34,0.58,9.4,5
987,7.0,0.43,0.3,2.0,0.085,6.0,39.0,0.99346,3.33,0.46,11.9,6
988,10.6,0.34,0.49,3.2,0.078,20.0,78.0,0.9992,3.19,0.7,10.0,6
989,8.8,0.27,0.39,2.0,0.1,20.0,27.0,0.99546,3.15,0.69,11.2,6
990,7.8,0.64,0.1,6.0,0.115,5.0,11.0,0.9984,3.37,0.69,10.1,7
991,9.8,0.25,0.49,2.7,0.08800000000000001,15.0,33.0,0.9982,3.42,0.9,10.0,6
992,7.6,0.715,0.0,2.1,0.068,30.0,35.0,0.9953299999999999,3.48,0.65,11.4,6
993,7.1,0.71,0.0,1.9,0.08,14.0,35.0,0.9972,3.47,0.55,9.4,5
994,6.7,0.75,0.12,2.0,0.086,12.0,80.0,0.9958,3.38,0.52,10.1,5
995,9.4,0.615,0.28,3.2,0.087,18.0,72.0,1.0001,3.31,0.53,9.7,5
996,6.6,0.895,0.04,2.3,0.068,7.0,13.0,0.99582,3.53,0.58,10.8,6
997,6.9,0.4,0.14,2.4,0.085,21.0,40.0,0.9968,3.43,0.63,9.7,6
998,6.4,0.885,0.0,2.3,0.166,6.0,12.0,0.99551,3.56,0.51,10.8,5
999,,0.5,0.46,2.5,,5.0,,1.0001,3.05,0.64,9.5,5
1000,8.6,0.635,0.68,1.8,0.40299999999999997,19.0,56.0,0.9963200000000001,3.02,1.15,9.3,5
1001,11.6,0.47,0.44,1.6,0.147,36.0,51.0,0.99836,3.38,0.86,9.9,4
1002,,0.585,0.0,1.7,,14.0,,0.99264,3.56,0.94,12.9,7
1003,7.1,0.59,0.02,2.3,0.08199999999999999,24.0,94.0,0.99744,3.55,0.53,9.7,6
1004,7.3,0.365,0.49,2.5,0.08800000000000001,39.0,106.0,0.9966,3.36,0.78,11.0,5
1005,6.4,0.865,0.03,3.2,0.071,27.0,58.0,0.995,3.61,0.49,12.7,6
1006,8.2,0.635,0.1,2.1,0.073,25.0,60.0,0.9963799999999999,3.29,0.75,10.9,6
1007,8.0,0.705,0.05,1.9,0.07400000000000001,8.0,19.0,0.9962,3.34,0.95,10.5,6
1008,7.4,0.36,0.3,1.8,0.07400000000000001,17.0,24.0,0.99419,3.24,0.7,11.4,8
1009,8.7,0.675,0.1,1.6,0.09,4.0,11.0,0.99745,3.31,0.65,9.55,5
1010,6.8,0.36,0.32,1.8,0.067,4.0,8.0,0.9928,3.36,0.55,12.8,7
1011,8.2,0.34,0.38,2.5,0.08,12.0,57.0,0.9978,3.3,0.47,9.0,6
1012,8.1,0.78,0.23,2.6,0.059000000000000004,5.0,15.0,0.997,3.37,0.56,11.3,5
1013,7.9,0.72,0.01,1.9,0.076,7.0,32.0,0.9966799999999999,3.39,0.54,9.6,5
1014,8.3,0.6,0.25,2.2,0.11800000000000001,9.0,38.0,0.99616,3.15,0.53,9.8,5
1015,7.0,0.69,0.07,2.5,0.091,15.0,21.0,0.99572,3.38,0.6,11.3,6
1016,7.8,0.76,0.04,2.3,0.092,15.0,54.0,0.997,3.26,0.65,9.8,5
1017,6.4,0.64,0.21,1.8,0.081,14.0,31.0,0.9968899999999999,3.59,0.66,9.8,5
1018,9.1,0.4,0.57,4.6,0.08,6.0,20.0,0.9965200000000001,3.28,0.57,12.5,6
1019,11.1,0.35,0.48,3.1,0.09,5.0,21.0,0.9986,3.17,0.53,10.5,5
1020,6.7,0.855,0.02,1.9,0.064,29.0,38.0,0.99472,3.3,0.56,10.75,6
1021,7.1,0.35,0.29,2.5,0.096,20.0,53.0,0.9962,3.42,0.65,11.0,6
1022,8.4,1.035,0.15,6.0,0.073,11.0,54.0,0.9990000000000001,3.37,0.49,9.9,5
1023,8.9,0.12,0.45,1.8,0.075,10.0,21.0,0.9955200000000001,3.41,0.76,11.9,7
1024,9.8,0.34,0.39,1.4,0.066,3.0,7.0,0.9947,3.19,0.55,11.4,7
1025,9.9,0.74,0.19,5.8,0.111,33.0,76.0,0.9987799999999999,3.14,0.55,9.4,5
1026,7.6,0.41,0.24,1.8,0.08,4.0,11.0,0.9962,3.28,0.59,9.5,5
1027,7.2,0.725,0.05,4.65,0.086,4.0,11.0,0.9962,3.41,0.39,10.9,5
1028,7.9,0.6,0.06,1.6,0.069,15.0,59.0,0.9964,3.3,0.46,9.4,5
1029,7.5,1.115,0.1,3.1,0.086,5.0,12.0,0.9958,3.54,0.6,11.2,4
1030,7.1,0.69,0.04,2.1,0.068,19.0,27.0,0.9971200000000001,3.44,0.67,9.8,5
1031,7.2,0.835,0.0,2.0,0.166,4.0,11.0,0.99608,3.39,0.52,10.0,5
1032,7.6,0.49,0.33,1.9,0.07400000000000001,27.0,85.0,0.9970600000000001,3.41,0.58,9.0,5
1033,7.5,0.42,0.32,2.7,0.067,7.0,25.0,0.9962799999999999,3.24,0.44,10.4,5
1034,7.2,0.49,0.24,2.2,0.07,5.0,36.0,0.996,3.33,0.48,9.4,5
1035,9.9,0.25,0.46,1.7,0.062,26.0,42.0,0.9959,3.18,0.83,10.6,6
1036,6.2,0.7,0.15,5.1,0.076,13.0,27.0,0.9962200000000001,3.54,0.6,11.9,6
1037,6.0,0.49,0.0,2.3,0.068,15.0,33.0,0.99292,3.58,0.59,12.5,6
1038,9.7,0.32,0.54,2.5,0.094,28.0,83.0,0.9984,3.28,0.82,9.6,5
1039,7.5,0.65,0.18,7.0,0.08800000000000001,27.0,94.0,0.99915,3.38,0.77,9.4,5
1040,10.2,0.29,0.65,2.4,0.075,6.0,17.0,0.99565,3.22,0.63,11.8,6
1041,6.7,0.62,0.21,1.9,0.079,8.0,62.0,0.997,3.52,0.58,9.3,6
1042,8.9,0.75,0.14,2.5,0.086,9.0,30.0,0.99824,3.34,0.64,10.5,5
1043,9.5,0.46,0.49,6.3,0.064,5.0,17.0,0.9988,3.21,0.73,11.0,6
1044,6.8,0.81,0.05,2.0,0.07,6.0,14.0,0.9956200000000001,3.51,0.66,10.8,6
1045,11.5,0.41,0.52,3.0,0.08,29.0,55.0,1.0001,3.26,0.88,11.0,5
1046,8.2,0.42,0.49,2.6,0.084,32.0,55.0,0.9988,3.34,0.75,8.7,6
1047,6.8,0.57,0.0,2.5,0.07200000000000001,32.0,64.0,0.9949100000000001,3.43,0.56,11.2,6
1048,7.8,0.52,0.25,1.9,0.081,14.0,38.0,0.9984,3.43,0.65,9.0,6
1049,7.8,0.53,0.01,1.6,0.077,3.0,19.0,0.995,3.16,0.46,9.8,5
1050,9.3,0.43,0.44,1.9,0.085,9.0,22.0,0.99708,3.28,0.55,9.5,5
1051,12.0,0.38,0.56,2.1,0.09300000000000001,6.0,24.0,0.99925,3.14,0.71,10.9,6
1052,7.1,0.65,0.18,1.8,0.07,13.0,40.0,0.997,3.44,0.6,9.1,5
1053,6.6,0.44,0.15,2.1,0.076,22.0,53.0,0.9957,3.32,0.62,9.3,5
1054,9.3,0.27,0.41,2.0,0.091,6.0,16.0,0.998,3.28,0.7,9.7,5
1055,8.7,0.63,0.28,2.7,0.096,17.0,69.0,0.99734,3.26,0.63,10.2,6
1056,8.2,0.26,0.34,2.5,0.073,16.0,47.0,0.9959399999999999,3.4,0.78,11.3,7
1057,6.6,0.84,0.03,2.3,0.059000000000000004,32.0,48.0,0.9952,3.52,0.56,12.3,7
1058,7.8,0.54,0.26,2.0,0.08800000000000001,23.0,48.0,0.9981,3.41,0.74,9.2,6
1059,6.1,0.32,0.25,1.8,0.086,5.0,32.0,0.99464,3.36,0.44,10.1,5
1060,5.8,0.29,0.26,1.7,0.063,3.0,11.0,0.9915,3.39,0.54,13.5,6
1061,8.2,0.28,0.6,3.0,0.10400000000000001,10.0,22.0,0.99828,3.39,0.68,10.6,5
1062,7.1,0.27,0.6,2.1,0.07400000000000001,17.0,25.0,0.9981399999999999,3.38,0.72,10.6,6
1063,7.4,0.25,0.29,2.2,0.054000000000000006,19.0,49.0,0.99666,3.4,0.76,10.9,7
1064,6.9,0.765,0.02,2.3,0.063,35.0,63.0,0.9975,3.57,0.78,9.9,5
1065,7.4,0.49,0.27,2.1,0.071,14.0,25.0,0.9938799999999999,3.35,0.63,12.0,6
1066,8.6,0.315,0.4,2.2,0.079,3.0,6.0,0.9951200000000001,3.27,0.67,11.9,6
1067,8.2,0.33,0.32,2.8,0.067,4.0,12.0,0.9947299999999999,3.3,0.76,12.8,7
1068,9.6,0.56,0.31,2.8,0.08900000000000001,15.0,46.0,0.9979,3.11,0.92,10.0,6
1069,8.2,0.39,0.38,1.5,0.057999999999999996,10.0,29.0,0.9962,3.26,0.74,9.8,5
1070,5.9,0.61,0.08,2.1,0.071,16.0,24.0,0.9937600000000001,3.56,0.77,11.1,6
1071,7.2,0.36,0.46,2.1,0.07400000000000001,24.0,44.0,0.99534,3.4,0.85,11.0,7
1072,9.0,0.46,0.31,2.8,0.09300000000000001,19.0,98.0,0.99815,3.32,0.63,9.5,6
1073,8.4,0.37,0.43,2.3,0.063,12.0,19.0,0.9955,3.17,0.81,11.2,7
1074,8.4,0.25,0.39,2.0,0.040999999999999995,4.0,10.0,0.9938600000000001,3.27,0.71,12.5,7
1075,6.5,0.9,0.0,1.6,0.052000000000000005,9.0,17.0,0.99467,3.5,0.63,10.9,6
1076,5.2,0.645,0.0,2.15,0.08,15.0,28.0,0.99444,3.78,0.61,12.5,6
1077,7.6,0.41,0.14,3.0,0.087,21.0,43.0,0.9964,3.32,0.57,10.5,6
1078,6.7,0.28,0.28,2.4,0.012,36.0,100.0,0.99064,3.26,0.39,11.7,7
1079,7.2,0.38,0.3,1.8,0.073,31.0,70.0,0.99685,3.42,0.59,9.5,6
1080,10.4,0.33,0.63,2.8,0.084,5.0,22.0,0.9998,3.26,0.74,11.2,7
1081,9.1,0.21,0.37,1.6,0.067,6.0,10.0,0.9955200000000001,3.23,0.58,11.1,7
1082,7.7,0.57,0.21,1.5,0.069,4.0,9.0,0.9945799999999999,3.16,0.54,9.8,6
1083,12.0,0.63,0.5,1.4,0.071,6.0,26.0,0.9979100000000001,3.07,0.6,10.4,4
1084,12.4,0.42,0.49,4.6,0.073,19.0,43.0,0.9978,3.02,0.61,9.5,5
1085,10.8,0.45,0.33,2.5,0.099,20.0,38.0,0.99818,3.24,0.71,10.8,5
1086,11.1,0.18,0.48,1.5,0.068,7.0,15.0,0.9973,3.22,0.64,10.1,6
1087,7.3,0.98,0.05,2.1,0.061,20.0,49.0,0.99705,3.31,0.55,9.7,3
1088,5.6,0.915,0.0,2.1,0.040999999999999995,17.0,78.0,0.99346,3.68,0.73,11.4,5
1089,10.4,0.26,0.48,1.9,0.066,6.0,10.0,0.99724,3.33,0.87,10.9,6
1090,6.8,0.66,0.07,1.6,0.07,16.0,61.0,0.99572,3.29,0.6,9.3,5
1091,7.8,0.59,0.33,2.0,0.07400000000000001,24.0,120.0,0.9968,3.25,0.54,9.4,5
1092,6.2,0.45,0.2,1.6,0.069,3.0,15.0,0.9958,3.41,0.56,9.2,5
1093,8.1,0.73,0.0,2.5,0.081,12.0,24.0,0.99798,3.38,0.46,9.6,4
1094,7.7,0.64,0.21,2.2,0.077,32.0,133.0,0.9956,3.27,0.45,9.9,5
1095,6.2,0.63,0.31,1.7,0.08800000000000001,15.0,64.0,0.9969,3.46,0.79,9.3,5
1096,10.4,0.43,0.5,2.3,0.068,13.0,19.0,0.996,3.1,0.87,11.4,6
1097,6.6,0.58,0.02,2.0,0.062,37.0,53.0,0.99374,3.35,0.76,11.6,7
1098,9.0,0.46,0.23,2.8,0.092,28.0,104.0,0.9983,3.1,0.56,9.2,5
1099,8.0,0.42,0.17,2.0,0.073,6.0,18.0,0.9972,3.29,0.61,9.2,6
1100,7.2,0.62,0.06,2.7,0.077,15.0,85.0,0.99746,3.51,0.54,9.5,5
1101,7.7,0.57,0.21,1.5,0.069,4.0,9.0,0.9945799999999999,3.16,0.54,9.8,6
1102,9.0,0.54,0.49,2.9,0.094,41.0,110.0,0.9982,3.08,0.61,9.2,5
1103,6.5,0.46,0.14,2.4,0.114,9.0,37.0,0.9973200000000001,3.66,0.65,9.8,5
1104,8.2,0.31,0.4,2.2,0.057999999999999996,6.0,10.0,0.99536,3.31,0.68,11.2,7
1105,6.7,0.16,0.64,2.1,0.059000000000000004,24.0,52.0,0.9949399999999999,3.34,0.71,11.2,6
1106,7.4,0.785,0.19,5.2,0.094,19.0,98.0,0.99713,3.16,0.52,9.56666666666667,6
1107,8.6,0.47,0.47,2.4,0.07400000000000001,7.0,29.0,0.9979,3.08,0.46,9.5,5
1108,8.3,0.54,0.24,3.4,0.076,16.0,112.0,0.9976,3.27,0.61,9.4,5
1109,10.7,0.43,0.39,2.2,0.106,8.0,32.0,0.9986,2.89,0.5,9.6,5
1110,8.9,0.48,0.53,4.0,0.10099999999999999,3.0,10.0,0.9958600000000001,3.21,0.59,12.1,7
1111,6.0,0.42,0.19,2.0,0.075,22.0,47.0,0.9952200000000001,3.39,0.78,10.0,6
1112,9.3,0.37,0.44,1.6,0.038,21.0,42.0,0.99526,3.24,0.81,10.8,7
1113,8.9,0.12,0.45,1.8,0.075,10.0,21.0,0.9955200000000001,3.41,0.76,11.9,7
1114,6.3,0.36,0.19,3.2,0.075,15.0,39.0,0.9956,3.56,0.52,12.7,6
1115,6.9,0.58,0.01,1.9,0.08,40.0,54.0,0.9968299999999999,3.4,0.73,9.7,5
1116,8.9,0.29,0.35,1.9,0.067,25.0,57.0,0.997,3.18,1.36,10.3,6
1117,7.5,0.52,0.4,2.2,0.06,12.0,20.0,0.99474,3.26,0.64,11.8,6
1118,6.8,0.59,0.1,1.7,0.063,34.0,53.0,0.9958,3.41,0.67,9.7,5
