inc86,inc88,inc90,v86,v88,v90,v86_adj,v88_adj,v90_adj,recog86,recog88,recog90
1,1,1,0.7450361740979591,0.772442744081804,0.7140294263663851,0.7450361740979591,0.772442744081804,0.7140294263663851,0.4537861336531443,2.0952068847076415,-0.2538048670808208
1,1,1,0.6738454515169839,0.636181649511077,0.597050117324879,0.6738454515169839,0.636181649511077,0.597050117324879,0.6027013805236615,0.4557736846403084,1.5275709866173095
1,1,0,0.6964566497239189,0.66492833910019,0.5210433265217089,0.6964566497239189,0.66492833910019,0.5210433265217089,0.5049432104627581,0.6566087189667673,0.1918744836991141
-1,-1,-1,0.464590079813606,0.27383419943613296,0.234377037541475,0.464590079813606,0.27383419943613296,0.234377037541475,-0.5021630675314285,-1.8296605825956023,-1.8194485339591955
-1,-1,0,0.39109451661678,0.263613098798692,0.47743927885819204,0.39109451661678,0.263613098798692,0.47743927885819204,0.6333568674036757,-0.9475479381657791,0.7207646571093845
-1,-1,-1,0.35824535710373206,0.33419269486164,0.256297006846463,0.35824535710373206,0.33419269486164,0.256297006846463,-1.3558178060102273,-0.3783788552303916,-0.390280195794106
0,1,0,0.548597979361392,0.632175271586222,0.6019665372640141,0.548597979361392,0.632175271586222,0.6019665372640141,0.777176150250892,0.9721195884538668,0.4979528834220041
-1,-1,-1,0.226702844311377,0.33790359299218103,0.48971497094364,0.226702844311377,0.33790359299218103,0.48971497094364,-1.152696396739508,-1.165837817437811,0.21220678312307464
-1,-1,-1,0.22181596587446697,0.172718111718303,0.22438374348499399,0.22181596587446697,0.172718111718303,0.22438374348499399,-1.2689697405799973,-0.6773376811316341,-1.5626572625592887
1,1,1,0.6593966172902099,1.0,1.0,0.6593966172902099,0.75,0.75,1.0974919354456554,0.6550782126481405,0.7690728490816756
1,1,1,1.0,1.0,1.0,0.75,0.75,0.75,1.2576406619691276,0.7364344069356191,0.8566334301995565
1,1,1,1.0,0.7031318613032851,0.655346302648828,0.75,0.7031318613032851,0.655346302648828,0.41469474919072785,1.3928713331728857,1.2642203547394768
1,1,1,1.0,1.0,0.521810754133747,0.75,0.75,0.521810754133747,0.692480686895681,0.5378548133869373,0.8322614645384466
1,1,1,1.0,0.6971066872294749,0.650585502547274,0.75,0.6971066872294749,0.650585502547274,2.958240133460913,1.238819347914152,0.023276572345408784
1,1,1,1.0,1.0,1.0,0.75,0.75,0.75,0.4182620652197233,0.4771069792596078,1.0185272393314273
0,1,1,0.722179283693327,0.8043491975677108,0.761452524136927,0.722179283693327,0.8043491975677108,0.761452524136927,0.7244171266966528,1.7758087193449763,0.6344402427095878
1,1,1,1.0,1.0,1.0,0.75,0.75,0.75,-0.5995658900804246,0.593716032952404,1.1480131883517461
1,1,1,0.710861900613346,0.666726033154996,0.534082365069645,0.710861900613346,0.666726033154996,0.534082365069645,0.4831753452601766,1.225938936372451,-0.5698234080058158
1,1,1,1.0,0.8081764450942759,1.0,0.75,0.8081764450942759,0.75,0.772911577374115,0.3758458180954141,0.9493557923855636
-1,-1,0,0.436459378933448,0.3965401218602221,0.44755850128499897,0.436459378933448,0.3965401218602221,0.44755850128499897,-0.8958959928722172,-0.8141473977426084,-0.6230234992436948
-1,-1,-1,0.257782177186173,0.428218069993649,0.527365883911707,0.257782177186173,0.428218069993649,0.527365883911707,-0.15582806758131157,0.3703731015259676,0.12254690245120083
1,1,-1,0.576894910289271,0.44367166366987104,0.44839785645088104,0.576894910289271,0.44367166366987104,0.44839785645088104,0.8882519277310469,0.0011639753855966254,-0.3305468558323541
-1,-1,0,0.28185272047993204,0.278767500881563,0.592139129677697,0.28185272047993204,0.278767500881563,0.592139129677697,-0.959380216212705,0.33595235157704656,0.6490204323923575
-1,0,-1,0.0,0.314209070681445,0.0,0.25,0.314209070681445,0.25,-2.118275230688254,-1.2268724218071592,-0.8345279707843573
1,1,1,0.664203899624027,0.6751664058469111,0.6670491248400849,0.664203899624027,0.6751664058469111,0.6670491248400849,1.5573726752667854,0.6081479966831205,0.09717281600287576
1,1,0,0.7621706664927609,0.7028239079321871,0.559856232343154,0.7621706664927609,0.7028239079321871,0.559856232343154,-0.35611292770370095,0.16503522824553934,0.2946113800000519
1,1,1,0.7044491881534269,0.664997231341217,1.0,0.7044491881534269,0.664997231341217,0.75,1.8772749948864784,1.0642224524375579,0.8329120215790097
1,1,1,0.587008955223881,0.52125806782092,0.514084413866102,0.587008955223881,0.52125806782092,0.514084413866102,0.4365567428202485,-0.3220098428946021,-1.00810154921987
-1,-1,-1,0.385111220495511,0.33738569398631996,0.353295702144468,0.385111220495511,0.33738569398631996,0.353295702144468,-1.8201989365306643,-0.7143559081940286,-1.069267642349478
-1,-1,-1,0.254315732843874,0.23797907895308,0.228657640535298,0.254315732843874,0.23797907895308,0.228657640535298,-0.7948745816128397,-0.647998319701692,-2.7335285905593936
1,1,1,0.7045725147786851,0.616186797572698,0.522505229481974,0.7045725147786851,0.616186797572698,0.522505229481974,0.6071418691917984,0.7312491004830128,0.7095536239429393
-1,-1,-1,0.209585660920525,0.253912882713256,0.23681005875726896,0.209585660920525,0.253912882713256,0.23681005875726896,-1.9795624117839763,-1.637166468511674,-1.0994286139113933
1,1,1,0.62787768221701,1.0,1.0,0.62787768221701,0.75,0.75,0.004442636789723466,0.2280111898840564,-0.10913959508006822
1,1,1,0.690235638379794,0.6750421865715981,0.580623881539703,0.690235638379794,0.6750421865715981,0.580623881539703,0.15011131555657833,0.08659593174274799,-0.22741872064008803
1,0,1,1.0,0.8594525469658679,0.824485373781148,0.75,0.8594525469658679,0.824485373781148,-0.16501802982513594,1.7687558293705323,0.4529387184806759
-1,-1,-1,0.31980565098760805,0.29519156712710803,0.334186599524409,0.31980565098760805,0.29519156712710803,0.334186599524409,0.21206100397170055,-0.5957511168295562,-2.0283674391356676
-1,-1,0,0.365143170368824,0.301439073065167,0.326742224794767,0.365143170368824,0.301439073065167,0.326742224794767,-0.6718362883030277,-1.3903260921548901,-0.7408801965955214
0,-1,-1,0.34641048696228305,0.305193107940472,0.404482801514012,0.34641048696228305,0.305193107940472,0.404482801514012,-1.928523936980143,-0.1284664463868151,-0.30348129417452085
1,1,1,0.725802552975978,0.6874099435536108,0.69329592795049,0.725802552975978,0.6874099435536108,0.69329592795049,0.6527708356188449,1.0196209962656566,-0.09845757912424451
0,1,1,0.547840916508911,0.507927348269544,0.618557294536602,0.547840916508911,0.507927348269544,0.618557294536602,0.47845656380919466,0.6553969344489537,0.18254144375295597
1,1,1,0.6651001401294531,0.616465656461533,0.606127312168068,0.6651001401294531,0.616465656461533,0.606127312168068,-0.1554787539606542,0.5813235308552508,0.029532400241387886
1,1,1,0.581806971846597,0.584786154981819,0.552755869752797,0.581806971846597,0.584786154981819,0.552755869752797,-0.6438525982115175,0.4983515941199518,-0.5507388740833379
-1,-1,-1,0.32093228763945697,0.282537752295539,0.342486651411137,0.32093228763945697,0.282537752295539,0.342486651411137,-0.45449055879175076,-0.814729622478716,-0.9262674840410967
-1,-1,-1,0.347260144831391,0.338205494305999,0.428385292528681,0.347260144831391,0.338205494305999,0.428385292528681,-1.0874789955826836,-2.568515918249935,-1.6956149393313211
0,1,1,0.6773957486351488,1.0,0.7701373196593081,0.6773957486351488,0.75,0.7701373196593081,0.45811922967685925,1.0268000578449694,0.14825074392086762
1,1,1,0.77365180989904,1.0,1.0,0.77365180989904,0.75,0.75,0.9604153103457995,0.4256387222273768,1.5677080370896082
1,1,1,1.0,1.0,0.7226365290484609,0.75,0.75,0.7226365290484609,0.01702828438466903,0.7226876520702088,0.1592756434259855
0,0,1,0.7377068248567858,1.0,0.725194301853341,0.7377068248567858,0.75,0.725194301853341,0.6493254441827323,0.4568437930148387,1.295575329386707
1,1,1,1.0,0.8149258957592741,0.80422865067839,0.75,0.8149258957592741,0.80422865067839,0.1373610498619023,0.28371699509422577,-0.5536748063674826
1,1,1,0.911394342180053,0.908614933537014,1.0,0.75,0.75,0.75,1.1310010419936407,0.417229279491695,1.2031904762667343
1,1,1,0.9386945867676542,0.9301254287359491,1.0,0.75,0.75,0.75,0.5666571888495331,0.35698901464312083,0.34897599128482765
1,1,1,0.848104956268222,0.747007102103068,0.8041286036303241,0.848104956268222,0.747007102103068,0.8041286036303241,1.7211149422658463,1.2721496655358076,2.0925541195785433
-1,-1,-1,0.30184563214790994,0.36700450594197204,0.37134951362597995,0.30184563214790994,0.36700450594197204,0.37134951362597995,-1.0450156440418974,-0.769781502778197,-1.0891118758105969
-1,-1,-1,0.41995396618208297,0.37451169604241297,0.38739103758841403,0.41995396618208297,0.37451169604241297,0.38739103758841403,-0.9585361592234322,-0.09234186885037002,-1.2685009580352526
0,0,1,0.5,0.5,1.0,0.5,0.5,0.75,-0.7978592380266025,-0.2187101486884255,1.1517493867565325
1,1,1,0.859171854247793,0.8436633689911259,0.838747616020343,0.859171854247793,0.8436633689911259,0.838747616020343,0.3235709943595055,0.923783139161363,0.03056895694895372
1,1,1,0.94589934965737,0.9290348792829621,0.9696784229719742,0.75,0.75,0.75,1.0159272471993166,0.8960981805353253,1.2471276959770428
0,0,1,0.5,0.673210484067986,0.72755314581909,0.5,0.673210484067986,0.72755314581909,-0.3105945068464378,1.7282146485379082,1.5569593757335622
-1,-1,1,0.45271832936505196,0.514519375943634,0.697948683115692,0.45271832936505196,0.514519375943634,0.697948683115692,-1.4132230902104679,-0.1871372224685529,1.6142945188299689
-1,-1,-1,0.21730862133748396,0.23917627960371599,0.254697971550965,0.21730862133748396,0.23917627960371599,0.254697971550965,-1.444101278928736,-0.22792137651674374,-0.047357678144839335
-1,-1,-1,0.28110697504119103,0.27355834370073395,0.279440726180685,0.28110697504119103,0.27355834370073395,0.279440726180685,-1.4462992760430238,-1.2577789566304574,-1.4992668094672095
1,0,1,1.0,0.617459493056561,0.640653774064339,0.75,0.617459493056561,0.640653774064339,1.5514141880296908,0.23331417197422424,0.507109642345108
-1,-1,-1,0.29562789021680397,0.27617160953899605,0.318596558295901,0.29562789021680397,0.27617160953899605,0.318596558295901,-0.4010564543891367,-1.5680486382840184,-0.727170138187394
-1,-1,-1,0.24524913093858602,0.0,0.0,0.24524913093858602,0.25,0.25,-1.2267277153416842,-0.6126908661685776,-1.4002738965608688
-1,-1,-1,0.0,0.249587694985913,0.0,0.25,0.249587694985913,0.25,-0.638209633421674,-1.560481320260721,-0.9042166402549245
-1,0,-1,0.497170340101615,0.42104531425234704,0.35513145241029903,0.497170340101615,0.42104531425234704,0.35513145241029903,0.5342123542679366,0.7073105624624084,-0.8560142313884587
1,1,1,0.6830615102451341,1.0,0.6482451024573871,0.6830615102451341,0.75,0.6482451024573871,-0.8003982113525917,0.9432886889337172,0.5270254011415438
-1,-1,-1,0.255373493256061,0.278720268043144,0.28106341778279803,0.255373493256061,0.278720268043144,0.28106341778279803,-1.261014064879008,-1.9005199499911416,0.8808544568239118
-1,1,1,0.50991602959237,0.590206446273392,0.5902411202931789,0.50991602959237,0.590206446273392,0.5902411202931789,0.6620196025633596,-0.57007238424957,0.04144626923273427
-1,0,-1,0.4221211629040121,0.466136325497648,0.43448124588725606,0.4221211629040121,0.466136325497648,0.43448124588725606,-0.31910924023456416,-0.9902012902682973,-0.5644982456632195
1,1,1,1.0,0.7272327392395159,0.63644572705269,0.75,0.7272327392395159,0.63644572705269,0.23558201850735283,0.8775345247328803,0.8117768517891533
1,1,1,0.8508835463345871,1.0,0.823632695031333,0.8508835463345871,0.75,0.823632695031333,0.6984736967164655,0.20902810930736815,2.036815158202544
0,0,-1,0.3985737702621289,0.0,0.29407003426272305,0.3985737702621289,0.25,0.29407003426272305,0.08378374802402097,-1.2866702779217707,-0.5602740665387579
1,1,1,0.747439318846105,0.76315209295397,0.7942687768414449,0.747439318846105,0.76315209295397,0.7942687768414449,1.644105379714202,1.1100608941263148,0.6539361698744237
1,1,1,1.0,0.9371336183886071,0.920955774960565,0.75,0.75,0.75,0.06860800354247949,0.452208411761714,0.06894884772243566
1,1,1,0.617798586795189,0.632124159086989,0.600150858760155,0.617798586795189,0.632124159086989,0.600150858760155,0.4932871715884419,1.1113095391420131,0.6348475775164736
1,1,1,0.609583999773528,0.7030089037252819,0.5590007768718461,0.609583999773528,0.7030089037252819,0.5590007768718461,-0.6981465093229166,-0.7029178653774385,0.08100684892148799
-1,-1,-1,0.34259724859465196,0.21791846532559303,0.40254109185800396,0.34259724859465196,0.21791846532559303,0.40254109185800396,-0.566127433284079,-1.4229735433220025,-1.0175992277842374
1,1,1,0.6911408450704231,0.636125464751362,0.5701257596542181,0.6911408450704231,0.636125464751362,0.5701257596542181,1.4445233399951514,1.62603561774946,0.5460839570878319
0,-1,-1,0.38712675664394,0.321845050014839,0.347138628515047,0.38712675664394,0.321845050014839,0.347138628515047,-0.45400086384873584,-0.42169921866452587,-0.517728491944868
1,1,1,0.5503408696991869,0.5777836889824661,0.566332478433201,0.5503408696991869,0.5777836889824661,0.566332478433201,0.4111830875501624,0.5178290782386268,-0.9074313866164857
-1,0,-1,0.0,0.5,0.0,0.25,0.5,0.25,-0.8656385339193188,-0.6120959684424375,-0.9250698600974565
-1,-1,-1,0.253369509792195,0.26756763821722696,0.0,0.253369509792195,0.26756763821722696,0.25,-2.359599554456144,-0.34039665257616697,-0.7165459541626384
1,1,1,0.706105911175325,1.0,1.0,0.706105911175325,0.75,0.75,2.427964071080394,0.3320254834007033,-0.8062638099306686
1,1,1,0.6742115053584319,1.0,0.617370478908587,0.6742115053584319,0.75,0.617370478908587,-0.3062828627989763,0.3585520034931034,-0.26146622697306765
-1,-1,-1,0.4148080566241679,0.334291275725565,0.39696655536406705,0.4148080566241679,0.334291275725565,0.39696655536406705,-0.7129129087400629,-1.2870538398251146,0.04418418672728764
1,1,1,1.0,0.786393251890634,0.717967687939852,0.75,0.786393251890634,0.717967687939852,1.0460842483835604,0.4638904803168393,-0.26611122531410314
-1,-1,-1,0.432257721868575,0.42523565386558293,0.3942595223332371,0.432257721868575,0.42523565386558293,0.3942595223332371,-0.4818380014587155,-0.8041119626868948,-1.118074224951686
-1,-1,-1,0.254462469393341,0.26021403142945104,0.33874618563868797,0.254462469393341,0.26021403142945104,0.33874618563868797,-0.791849153004724,-0.7792873138430365,-1.2476397433304312
-1,0,-1,0.263565721950082,0.5,0.0,0.263565721950082,0.5,0.25,-0.019792186789419842,0.36720284382885393,-1.770222235129564
1,1,1,0.630044517565083,0.628382874634578,0.48554122117699294,0.630044517565083,0.628382874634578,0.48554122117699294,-1.0600524445719184,-0.04824081366961255,-0.006712674041023199
-1,-1,-1,0.271150512099535,0.22751859723698198,0.0,0.271150512099535,0.22751859723698198,0.25,-0.9107511660269497,-1.2675583579857612,-1.234598122243513
1,1,1,1.0,1.0,0.655936835712117,0.75,0.75,0.655936835712117,1.3773737745503365,0.25586795517959393,1.3452464021802277
-1,-1,-1,0.191486266294227,0.212569398178992,0.0,0.191486266294227,0.212569398178992,0.25,-0.6091476022537303,-0.3697301277046299,-1.022656707553754
1,1,1,1.0,0.724058028826694,0.632648283878467,0.75,0.724058028826694,0.632648283878467,1.2513007666902434,0.29649673306880975,1.3642430999836879
-1,-1,-1,0.44521502753188796,0.375484321299489,0.40610235921430393,0.44521502753188796,0.375484321299489,0.40610235921430393,-0.7692880366464018,-0.9424423290110227,-0.430142908994223
1,1,1,0.9639852538047071,0.9604805767857769,0.937656833770144,0.75,0.75,0.75,0.24359543707756115,0.7822211628054138,0.46977105037903555
1,1,1,0.838291799319354,0.827449173185227,0.7821531263706809,0.838291799319354,0.827449173185227,0.7821531263706809,1.4313781605216522,-0.011566243837912032,1.0762268505607961
1,1,1,0.6617663129069791,0.622307953196541,0.7092695637663579,0.6617663129069791,0.622307953196541,0.7092695637663579,0.42703729070692176,1.150190073306706,0.7025032382966423
0,-1,1,0.484492882115793,0.502861864756921,0.592042773539235,0.484492882115793,0.502861864756921,0.592042773539235,-1.0665186159336502,0.10821584081748126,0.21887948825306572
1,1,1,0.703610798266271,0.612770555682897,0.681832879116818,0.703610798266271,0.612770555682897,0.681832879116818,0.5517894695451668,-1.1476322911052925,0.3993342768836798
-1,-1,-1,0.246153846153846,0.263191006055833,0.333102756545499,0.246153846153846,0.263191006055833,0.333102756545499,-0.906832366781239,-0.5836986966477316,-0.9597552238591017
1,1,1,0.811699577877942,1.0,0.7992508989212941,0.811699577877942,0.75,0.7992508989212941,-0.06570984851977071,-0.241757378577033,2.0645081425174507
1,1,1,0.7873470395986929,0.756585924276795,1.0,0.7873470395986929,0.756585924276795,0.75,0.20806290889623838,1.188821536073143,1.2547438410247762
1,1,1,0.716383552331734,0.6672818635050469,0.7121352922087499,0.716383552331734,0.6672818635050469,0.7121352922087499,0.9407018064316528,1.0301160169484218,0.6931011213532867
-1,-1,-1,0.248798489529694,0.275195925123225,0.312415761515896,0.248798489529694,0.275195925123225,0.312415761515896,-1.2750551199112459,-0.9680147086551836,-1.2402970409909695
1,1,1,0.7069545505614259,0.645082793940522,0.545703483269879,0.7069545505614259,0.645082793940522,0.545703483269879,1.1295171564104038,0.5101775968113272,0.10932139793331314
-1,-1,-1,0.222866119741665,0.24818064001595103,0.0,0.222866119741665,0.24818064001595103,0.25,-0.5251271866589912,-1.017819074422991,-0.26635562019034126
-1,-1,-1,0.266076207555048,0.300805121738287,0.341956190141364,0.266076207555048,0.300805121738287,0.341956190141364,-0.949333633814975,-1.2505617732557266,-1.2847050658412653
0,-1,-1,0.47630114987701705,0.262921492215087,0.330954011013544,0.47630114987701705,0.262921492215087,0.330954011013544,-0.10041142529068733,-1.342783646481986,-1.5194857279976874
-1,-1,-1,0.0,0.28275964406875104,0.0,0.25,0.28275964406875104,0.25,-1.5458843199915946,-0.9985572067229475,-1.4546644578533663
-1,-1,0,0.331396644830983,0.360719337038586,0.545857813177714,0.331396644830983,0.360719337038586,0.545857813177714,-1.4411435960172967,-1.1623894325434627,-0.5378790405381886
1,1,1,0.5564695231954571,0.6486818204133729,0.66515034996937,0.5564695231954571,0.6486818204133729,0.66515034996937,-0.14333823351259486,0.5719772331167463,0.868509929582412
-1,-1,-1,0.37394698584032,0.45293254501221203,0.0,0.37394698584032,0.45293254501221203,0.25,-1.0603578472019786,-1.5857165772376083,-0.28388435886536895
1,1,1,0.664142123604976,0.642379272006574,0.671771654935804,0.664142123604976,0.642379272006574,0.671771654935804,0.10506678484574829,1.8151381171380985,0.49500302618063086
1,1,1,0.6809687538674289,0.6887272955929651,0.661999419986059,0.6809687538674289,0.6887272955929651,0.661999419986059,0.503048260279546,0.6998550402571575,0.9014040368400883
1,1,1,0.5036129991341061,0.525968959502239,0.660446596419182,0.5036129991341061,0.525968959502239,0.660446596419182,0.765324779838618,1.1502235313276188,1.1397772223858962
1,1,1,0.532326340021165,0.6487754475131949,1.0,0.532326340021165,0.6487754475131949,0.75,-0.6746147278701584,0.47853146983638295,-0.9341005930716345
1,1,1,0.7410502819949221,0.770943583509455,0.6603430104436141,0.7410502819949221,0.770943583509455,0.6603430104436141,1.9029582797089857,0.21782616138036104,2.4217873541200836
1,1,1,0.622950221622312,0.5320097742547589,0.593713287823464,0.622950221622312,0.5320097742547589,0.593713287823464,-0.018241198814235447,0.030726354578834998,1.3168589305871028
-1,-1,-1,0.49984530415835604,0.45711645187940797,0.508915796307619,0.49984530415835604,0.45711645187940797,0.508915796307619,-0.8294726478148174,-0.6422416382423112,0.40588345279684823
-1,-1,-1,0.301496817514164,0.378535540190309,0.6066547794970749,0.301496817514164,0.378535540190309,0.6066547794970749,-0.8408642112759677,-0.7324213006249068,-1.0439607116228042
0,1,1,0.516844873591461,0.563170108961595,0.531422451232016,0.516844873591461,0.563170108961595,0.531422451232016,0.12982160090015377,0.23149347429776995,0.0774758457559078
-1,-1,-1,0.311017846956238,0.271134791336984,0.365265349275726,0.311017846956238,0.271134791336984,0.365265349275726,-0.2949072523334969,-0.6219998383708837,-0.7804440916597607
-1,-1,-1,0.321229953440248,0.382072346627799,0.42411242411242406,0.321229953440248,0.382072346627799,0.42411242411242406,-0.039726625146063364,-0.7197814468608492,-0.9954280852211784
-1,1,1,0.5326495146018939,0.618145323514492,0.5472180113413061,0.5326495146018939,0.618145323514492,0.5472180113413061,-0.6651555698253074,1.040967060729872,0.05858203438761397
1,1,1,0.722141043453265,0.7071860631597149,0.6899282006531879,0.722141043453265,0.7071860631597149,0.6899282006531879,1.3989194870313673,1.1803442912534048,-0.07477572348503911
1,1,1,0.583783646219493,0.6054431885782271,0.664316978096178,0.583783646219493,0.6054431885782271,0.664316978096178,-0.7145155225803683,0.5647879407740951,0.9414951000323539
1,1,1,0.9006150084993411,0.9208886070659108,0.9129677773272591,0.75,0.75,0.75,1.3272863546545224,1.158918897131512,0.23389564465094048
-1,-1,-1,0.409613344117058,0.450128228613299,0.34110134578412504,0.409613344117058,0.450128228613299,0.34110134578412504,-0.5780490742984383,-0.11641238572110885,-0.3584913906135237
1,1,1,0.6036902406478629,0.573421124996181,0.5785522148009239,0.6036902406478629,0.573421124996181,0.5785522148009239,0.7171466484233011,1.8405711675161633,-1.1373042509639657
0,-1,-1,0.37179223795274896,0.29152963609679805,0.422310908689327,0.37179223795274896,0.29152963609679805,0.422310908689327,-0.8873654713641298,-0.8351277591987452,-0.13838853316343894
-1,-1,-1,0.287622622799872,0.274009858915519,0.245823332019728,0.287622622799872,0.274009858915519,0.245823332019728,-0.70848935571803,-2.647252793063047,-1.210710149669261
1,1,1,0.5667271764616899,0.597942080729941,1.0,0.5667271764616899,0.597942080729941,0.75,-0.14035552561268672,0.6854064859150207,0.9122907486418799
1,1,1,0.802907839109088,0.762151154858693,0.6838020383747521,0.802907839109088,0.762151154858693,0.6838020383747521,1.494079169089644,0.5831302887438492,0.8346910550103617
1,1,1,0.7263629652277009,0.7207868149758629,0.686054577489214,0.7263629652277009,0.7207868149758629,0.686054577489214,0.31333386177127526,1.1738801766095406,0.8971117086643129
-1,-1,-1,0.3557944922079129,0.30217017489083897,0.45244095843424603,0.3557944922079129,0.30217017489083897,0.45244095843424603,-0.08431430178820189,-1.5341160909724183,0.5144581929521409
-1,-1,0,0.48848229650101704,0.26628020995558604,0.337517812758906,0.48848229650101704,0.26628020995558604,0.337517812758906,-0.33997724489589926,-0.46534449998551475,-0.7110102184505739
-1,-1,-1,0.36737936513419206,0.401306055813479,0.3872558549451121,0.36737936513419206,0.401306055813479,0.3872558549451121,-0.4623017189334568,-0.3129951968488969,-1.6390191787625779
1,1,1,0.663534844986183,0.540957696886035,0.6577257601221279,0.663534844986183,0.540957696886035,0.6577257601221279,0.8285818470437674,0.695730286743195,0.6032953825851805
1,1,0,0.860463807272318,0.883166440897058,0.8290870812229209,0.860463807272318,0.883166440897058,0.8290870812229209,0.5668943668007935,-0.09154975284954749,0.4470561540933208
1,1,1,0.7318383944070579,0.6328574182647061,0.659686567791269,0.7318383944070579,0.6328574182647061,0.659686567791269,1.1580692205282959,-1.0022979809579793,-0.7014015735011029
1,1,1,0.7565904414333969,0.647416733205826,0.6258717701258261,0.7565904414333969,0.647416733205826,0.6258717701258261,0.5666669076615157,1.3091321283982758,0.8647470250627055
1,1,1,0.7782209293424169,1.0,0.676049273886512,0.7782209293424169,0.75,0.676049273886512,2.052165029115736,1.198706409387872,1.2140971149139916
1,1,1,0.772798175263042,0.710540668100058,0.696912437171687,0.772798175263042,0.710540668100058,0.696912437171687,1.0306143872983813,1.5898068893982995,0.7636987720073799
-1,-1,-1,0.26228365819502397,0.227638198892671,0.33637468948819305,0.26228365819502397,0.227638198892671,0.33637468948819305,-0.9863684404846046,-1.5382852436461805,-1.8051052875366087
1,1,0,0.617266010356331,0.5646387102965171,0.510864669434063,0.617266010356331,0.5646387102965171,0.510864669434063,0.8747682486788839,-0.4252722091274489,0.8383616992933246
-1,-1,-1,0.292561393585574,0.27685210978333197,0.35582209205643994,0.292561393585574,0.27685210978333197,0.35582209205643994,-1.3297181693292395,-0.6774655173949523,-0.6241036845069451
1,1,1,0.736533361302986,0.7689053554114741,1.0,0.736533361302986,0.7689053554114741,0.75,0.08977656552615823,1.464822581350852,1.1429765726626409
-1,-1,-1,0.18525948293458896,0.0,0.382902520728897,0.18525948293458896,0.25,0.382902520728897,-0.1870600512113128,-2.408350522600801,-1.1504820566713867
-1,0,-1,0.349719530851606,0.3933375789937779,0.268453653385531,0.349719530851606,0.3933375789937779,0.268453653385531,-1.5085468739315793,-0.2942289680306834,0.3745201005784531
-1,-1,-1,0.28385485054777804,0.256919021818714,0.288000728885109,0.28385485054777804,0.256919021818714,0.288000728885109,-1.3824695844271195,-0.5730160331630957,-1.4613836837092906
-1,-1,0,0.0,0.261231996684281,0.37929469809294997,0.25,0.261231996684281,0.37929469809294997,-0.9633999727026634,-0.7870892808129969,-0.9755604873319458
0,-1,0,0.31931291905716497,0.24149807132173498,0.388800225022777,0.31931291905716497,0.24149807132173498,0.388800225022777,-0.8406029415174431,0.13249467739181012,-0.3374335487883127
1,1,1,0.775161605118535,0.8132393930009291,0.7769158656385341,0.775161605118535,0.8132393930009291,0.7769158656385341,0.21962683142807332,0.5932133911111197,0.3175952588257779
-1,-1,-1,0.29559640646730395,0.283662235872481,0.36773327766677605,0.29559640646730395,0.283662235872481,0.36773327766677605,-0.5805675562973175,-0.9527436829048156,-0.6794449566005628
1,1,1,0.744505416394188,0.614919951832915,0.6572301007075961,0.744505416394188,0.614919951832915,0.6572301007075961,-0.4786866175772242,1.1143708284514058,0.7105077863617817
-1,-1,-1,0.26599307734448896,0.210193716342105,0.280142763364758,0.26599307734448896,0.210193716342105,0.280142763364758,-1.3170727246415364,-1.4722915545325264,-0.39279800186275615
1,1,1,0.628168774456984,0.6980714092920689,0.6052955505454921,0.628168774456984,0.6980714092920689,0.6052955505454921,0.35572863388248777,0.13042613775888487,0.668286342868465
0,1,1,0.537245918564884,0.7473445488618059,0.595582194906745,0.537245918564884,0.7473445488618059,0.595582194906745,-0.0049634696509051265,1.63301418614512,0.5094877698211938
-1,-1,-1,0.363204013160038,0.251870908581472,0.408378586202991,0.363204013160038,0.251870908581472,0.408378586202991,-2.092755595826204,-1.5585917755247758,0.028655731947376112
-1,-1,-1,0.236617262423714,0.21444257592244503,0.410901272048155,0.236617262423714,0.21444257592244503,0.410901272048155,-2.5660305382581274,-1.5519886519884536,-0.04293448550805494
1,1,1,0.7225540851148291,0.7722601031099291,0.777143157182362,0.7225540851148291,0.7722601031099291,0.777143157182362,0.9644847095203876,0.7621763585654493,1.1338212126964053
1,1,1,1.0,0.766354666828745,0.7427938870268441,0.75,0.766354666828745,0.7427938870268441,0.7755520715217431,1.1626214716430203,1.295950216046435
1,1,1,0.5478026624551261,0.70489967452941,0.6477010318318671,0.5478026624551261,0.70489967452941,0.6477010318318671,0.04989482357031092,0.013334751402384645,-0.5956143181359376
1,1,1,0.848635008029365,0.825823628411733,0.733476823634328,0.848635008029365,0.825823628411733,0.733476823634328,0.06101652911232477,1.0709576443726339,-0.0829606514350903
1,1,1,0.8155170161343,0.8567832232435679,0.7995574262635021,0.8155170161343,0.8567832232435679,0.7995574262635021,1.0666205014303451,0.435606862362714,2.2415442954594456
1,1,1,0.7549775185924441,0.7616394135618622,1.0,0.7549775185924441,0.7616394135618622,0.75,1.2715286195252449,1.77058667652289,1.0529127116063317
1,1,1,0.5566523493427049,0.585040817429853,0.46764857710852603,0.5566523493427049,0.585040817429853,0.46764857710852603,-0.5123800356709014,-0.23351915309446433,-0.8576229410816196
-1,-1,-1,0.358914995271374,0.316492223842255,0.389941775649053,0.358914995271374,0.316492223842255,0.389941775649053,-0.9347221473832249,-0.67435888913947,-0.9833953279726998
1,1,1,1.0,1.0,0.692810504207684,0.75,0.75,0.692810504207684,0.5686004824479537,0.8672713521632093,1.7450641517740617
1,1,1,1.0,0.64214783502799,0.7127614601330741,0.75,0.64214783502799,0.7127614601330741,-0.038933047733699606,0.38123403317778115,1.043056151250659
-1,-1,-1,0.0,0.25753216243427696,0.0,0.25,0.25753216243427696,0.25,-2.2678328832146186,-0.9510806404737494,0.5199431304957699
1,1,1,0.627248571495756,0.62292245284176,0.62143078929392,0.627248571495756,0.62292245284176,0.62143078929392,1.5414854110952045,-0.6550564554791463,-0.31496642583664153
-1,-1,-1,0.3264320771603,0.30297146047845097,0.464536769755613,0.3264320771603,0.30297146047845097,0.464536769755613,-0.0341622679890918,-1.1661320382965463,-0.6629463432137275
-1,-1,-1,0.21778784906596302,0.250926765305792,0.0,0.21778784906596302,0.250926765305792,0.25,1.2644251306165744,0.5887239269952603,-1.0289589475042227
-1,-1,-1,0.33622791796298696,0.38733657200613,0.0,0.33622791796298696,0.38733657200613,0.25,-0.7285049503324923,-1.1069953550519278,-2.333321195825743
-1,-1,0,0.38657501849790105,0.432231061950885,0.494983441078346,0.38657501849790105,0.432231061950885,0.494983441078346,-0.7036049031842947,-0.3575567486109576,-0.1502638033962147
0,1,1,0.546170449342665,0.633707071598835,1.0,0.546170449342665,0.633707071598835,0.75,0.17821419817813855,1.4001215458176595,-0.027010446208452724
1,1,1,0.683637962679719,0.716795742991315,1.0,0.683637962679719,0.716795742991315,0.75,-0.06468679431507578,0.491167236432382,0.824241109334544
-1,-1,-1,0.407809050196062,0.36124430462139295,0.319877551020408,0.407809050196062,0.36124430462139295,0.319877551020408,-0.8887282561997337,-1.2995019570287512,-0.8577884342677962
0,-1,-1,0.49049592949436105,0.356131025768265,0.28173994219801,0.49049592949436105,0.356131025768265,0.28173994219801,-0.2799412839107655,-1.0475506810116197,-1.4289874406647851
-1,-1,-1,0.234809591889784,0.0,0.37352314899312505,0.234809591889784,0.25,0.37352314899312505,-0.7101261015428438,-1.7095794858215159,-0.20700458905619387
1,1,1,0.7063840373550391,0.7327206358805999,0.628220571080793,0.7063840373550391,0.7327206358805999,0.628220571080793,-0.7864251099772104,0.46181668653855806,0.18529318757775756
-1,-1,-1,0.0,0.264269132440666,0.39907753576072796,0.25,0.264269132440666,0.39907753576072796,-1.5729732237696594,-1.0845751403014898,-1.5680052100558803
1,1,1,0.64501978623899,0.639656771316335,0.7076210691227941,0.64501978623899,0.639656771316335,0.7076210691227941,-0.11848779646576299,1.3732217522506482,0.7954175976228302
-1,-1,0,0.289278325422904,0.29841965624639505,0.407358686902401,0.289278325422904,0.29841965624639505,0.407358686902401,-1.249620332842525,-1.731090721521266,-0.06859835649716513
1,1,1,0.723772886356405,0.7041039737443571,0.781381321502455,0.723772886356405,0.7041039737443571,0.781381321502455,0.12961584793843817,1.279035538658794,-0.4104863487439956
-1,-1,-1,0.484042471062343,0.4217609980013621,0.381469589137649,0.484042471062343,0.4217609980013621,0.381469589137649,0.8690548794269948,-0.30665147568027357,-0.8572824641967492
-1,-1,0,0.29863782712787895,0.316637680423495,0.329862299300546,0.29863782712787895,0.316637680423495,0.329862299300546,-0.19723778398511507,-0.1164419400919215,-0.28787911713590936
1,1,1,0.7287887805004271,0.729871123640757,0.64867959021141,0.7287887805004271,0.729871123640757,0.64867959021141,1.015359815475895,0.8043159446479462,0.9748745601375455
1,1,1,0.737168952326338,0.741999982983213,0.729236600437496,0.737168952326338,0.741999982983213,0.729236600437496,1.06493328322104,0.9363641110528412,-0.8397512098184106
1,1,1,0.6580942293731931,0.6551576180444151,0.646453870109902,0.6580942293731931,0.6551576180444151,0.646453870109902,0.27179917089659245,0.4193011574808851,-0.06604031432282888
-1,-1,-1,0.499678066483262,0.45417185610165095,0.535624643753562,0.499678066483262,0.45417185610165095,0.535624643753562,-0.5217384873830277,-0.9292544347272661,-0.1952041914163604
1,1,1,0.725636652355467,0.7452381166605179,0.7294185210387379,0.725636652355467,0.7452381166605179,0.7294185210387379,-0.36653509214726265,0.9900640980754026,1.710462536164088
1,1,1,0.661450273533707,0.726044568245125,0.6089962029013729,0.661450273533707,0.726044568245125,0.6089962029013729,1.1695665619997788,1.1107078645691058,-0.4908267880325887
1,-1,-1,0.480796512942821,0.329545658857585,0.500143082744221,0.480796512942821,0.329545658857585,0.500143082744221,-0.8688416300720638,-1.3208328704299892,-0.38941034081186077
1,1,1,0.689652516515093,0.633861956044698,0.567975020592686,0.689652516515093,0.633861956044698,0.567975020592686,0.25417294683138925,0.1277681130726725,2.295520030397023
1,1,1,1.0,0.7179792386349421,0.6184841345195811,0.75,0.7179792386349421,0.6184841345195811,2.3282801264622277,0.8389704410565321,-0.07267515570685149
1,1,1,0.719740685331624,0.7116053411188871,0.620881446103621,0.719740685331624,0.7116053411188871,0.620881446103621,1.6708433213510323,0.7104273970761377,-0.12477005904595284
-1,-1,-1,0.43281860134895295,0.406652955534887,0.48072003104262395,0.43281860134895295,0.406652955534887,0.48072003104262395,-0.46743268390409043,0.4040468854236629,-0.16431983268175931
-1,0,-1,0.330150556301723,0.465099944394041,0.4785323137949529,0.330150556301723,0.465099944394041,0.4785323137949529,-0.6382507191893527,-1.3030940302203236,-0.2802488341651674
-1,-1,-1,0.47474680435908007,0.418973132676555,0.427213209285317,0.47474680435908007,0.418973132676555,0.427213209285317,-1.423629055425178,-0.7776040945981333,-0.5357892533359588
1,1,1,0.574791355872291,0.6791286727456939,0.575279525875237,0.574791355872291,0.6791286727456939,0.575279525875237,-0.48812780779401665,0.04566139307733084,0.48851929526016535
-1,-1,-1,0.355393337532886,0.330438007674063,0.35251022517866,0.355393337532886,0.330438007674063,0.35251022517866,-0.8515181569612076,-1.437908534372268,-0.9111886201574153
-1,0,1,0.414096657075103,0.506733162576174,0.580566335318654,0.414096657075103,0.506733162576174,0.580566335318654,-2.307395097183135,-0.14372428390488198,0.2204662275780353
-1,-1,0,0.301691925757135,0.209680488201035,0.48866164353016206,0.301691925757135,0.209680488201035,0.48866164353016206,-0.5098180678605364,-1.6226052367616843,-0.43668437481274086
1,1,1,0.7634961711862791,0.7156279245130579,0.651912827548478,0.7634961711862791,0.7156279245130579,0.651912827548478,1.018716993589382,2.393543333239709,0.25626806417540937
1,1,1,0.591813559848545,0.7173694199720441,0.675535760091411,0.591813559848545,0.7173694199720441,0.675535760091411,1.9336792950641304,0.8295233745910658,-0.035390003999161604
-1,-1,-1,0.439792610895563,0.267387402924263,0.490063317138122,0.439792610895563,0.267387402924263,0.490063317138122,-1.326917052687118,-1.8763705900372123,0.2816522063636503
-1,1,1,0.541509321461224,0.630301955917981,1.0,0.541509321461224,0.630301955917981,0.75,-0.06447876066399813,0.39512603025475374,0.6625840055741651
-1,-1,-1,0.306653889808905,0.0,0.319753391310484,0.306653889808905,0.25,0.319753391310484,-1.0198028159877737,-0.7629763777327827,-0.3588976076720848
1,1,1,1.0,1.0,1.0,0.75,0.75,0.75,1.6257869993044156,0.5314706391203718,-0.9073278618122242
1,1,1,1.0,0.553650121272162,1.0,0.75,0.553650121272162,0.75,0.7912284228181901,0.40275422936976507,2.5494046085620887
1,1,1,0.6986799280968629,0.63878275698312,1.0,0.6986799280968629,0.63878275698312,0.75,0.5583360205018862,1.5441795232834863,0.1845381522164641
-1,-1,-1,0.0,0.0,0.41806058188242706,0.25,0.25,0.41806058188242706,-1.9518354090055061,-1.4781186709457463,0.7434945936778491
-1,-1,-1,0.382241679772177,0.376772899702805,0.536726077092003,0.382241679772177,0.376772899702805,0.536726077092003,-1.4162675257274888,-1.5256644548968274,-0.711537239671942
1,1,1,1.0,0.634006457063882,1.0,0.75,0.634006457063882,0.75,1.4931893085057346,1.5217965766887733,0.08958537167138514
-1,-1,-1,0.398022840468884,0.31971434158778006,0.355561766349916,0.398022840468884,0.31971434158778006,0.355561766349916,-0.6664778464294011,-1.2757767814355896,-0.281649827588141
-1,-1,-1,0.0,0.40276286927708,0.0,0.25,0.40276286927708,0.25,-0.5155192684834544,-1.4621714800309278,-0.7628573787693834
-1,-1,-1,0.333013246948574,0.0,0.487108817264705,0.333013246948574,0.25,0.487108817264705,-1.2545975770454252,0.665310134688043,-1.264701726417392
1,1,1,0.8056698577986791,1.0,0.7372902199074071,0.8056698577986791,0.75,0.7372902199074071,1.1665927407096854,0.8394663346201867,1.3751704997284788
1,1,1,0.7749564061142249,1.0,1.0,0.7749564061142249,0.75,0.75,1.237792496845996,-0.5530871915372947,0.5224076879118499
1,1,0,0.789044509041489,0.650707078366273,0.6714081236302729,0.789044509041489,0.650707078366273,0.6714081236302729,0.6844910916491866,-0.9635381686019646,-0.4457473858474686
1,1,1,0.728901697888603,0.6688235407398849,1.0,0.728901697888603,0.6688235407398849,0.75,-0.1879734829615987,1.0400814152980817,0.18916159983965547
1,1,1,0.59770153065455,0.6822598598116779,0.705346670502578,0.59770153065455,0.6822598598116779,0.705346670502578,-0.3036496212915191,0.6288011779694554,1.698354510225111
1,1,1,0.6421771598567181,1.0,0.643080389822848,0.6421771598567181,0.75,0.643080389822848,0.3674405010256827,-1.2360791072493211,1.141112110432371
1,1,0,0.7574709804890101,0.8345802613113001,0.6041361351308739,0.7574709804890101,0.8345802613113001,0.6041361351308739,0.8118387086478999,1.0197566389916741,0.49106808614119885
-1,-1,-1,0.20196987444937603,0.253093950737095,0.29494918787457697,0.20196987444937603,0.253093950737095,0.29494918787457697,-0.7268908727751138,-2.3302944023351357,-2.585803645873946
1,1,1,0.8338574991866391,0.691941912526848,0.7237286468408801,0.8338574991866391,0.691941912526848,0.7237286468408801,0.22760219112184565,0.32119088541159185,0.3926569157413003
1,1,1,0.637526164311879,0.668828028528099,0.522346352212776,0.637526164311879,0.668828028528099,0.522346352212776,0.32412406265006655,1.3426217307775852,0.5014032015696033
1,1,1,1.0,1.0,0.5693287874852879,0.75,0.75,0.5693287874852879,1.8568181418786915,0.6822833997302671,-0.038196935245582056
1,1,1,1.0,1.0,0.7265078831449829,0.75,0.75,0.7265078831449829,0.46603957145714286,0.38109684150623,1.6750965641533315
1,1,-1,1.0,0.498420684835779,0.440857479823324,0.75,0.498420684835779,0.440857479823324,0.8726940049030061,-0.3169593811480815,-1.4884881160261927
-1,-1,-1,0.0,0.0,0.40108175973013105,0.25,0.25,0.40108175973013105,-0.9427622415407579,-1.6650189240757627,-1.1202718865981807
1,0,-1,0.70165073594089,0.467228755444169,0.407766367960207,0.70165073594089,0.467228755444169,0.407766367960207,1.3028518914333311,0.24504745415219617,0.5254459325427465
1,1,1,1.0,1.0,0.6755734264309339,0.75,0.75,0.6755734264309339,-0.44039852941891416,1.5712982627907284,1.291435178158278
-1,-1,-1,0.0,0.269909021855471,0.0,0.25,0.269909021855471,0.25,-1.153198281544466,-0.6111582325580452,-0.7886393172231861
-1,-1,-1,0.291707433277465,0.0,0.41895073283578405,0.291707433277465,0.25,0.41895073283578405,-1.7884493636582004,-1.9666982044133179,-1.532073857915811
-1,-1,-1,0.28825606216591904,0.26530391977437695,0.0,0.28825606216591904,0.26530391977437695,0.25,-0.9610991893243385,-0.7554681752231857,-0.2988324129259038
1,1,0,0.727217722260174,0.6084267044366479,0.519361609883199,0.727217722260174,0.6084267044366479,0.519361609883199,0.4785835099311087,1.3194808463097032,0.35313207490937726
-1,-1,-1,0.0,0.0,0.0,0.25,0.25,0.25,-0.2717047873883071,-1.4899191646897143,-3.2698171725721235
-1,0,-1,0.25028743891923005,0.288423061532305,0.0,0.25028743891923005,0.288423061532305,0.25,-0.493224178928039,-1.4315116869850748,-1.8395445975076516
1,0,1,0.7375678759232409,0.548519119923273,0.6603993161351479,0.7375678759232409,0.548519119923273,0.6603993161351479,0.8233505502076958,0.3909478003582278,0.4818418267464066
-1,-1,-1,0.0,0.33900798654896996,0.0,0.25,0.33900798654896996,0.25,-1.9393219389591063,-0.5038795842892381,-0.8114193422762136
1,1,1,0.6965463739800021,0.694044708902323,1.0,0.6965463739800021,0.694044708902323,0.75,0.9957379754848525,-0.09579003579565983,-0.8127156023730536
1,1,1,1.0,1.0,0.783174865646962,0.75,0.75,0.783174865646962,1.4903569103827505,0.10204049632426247,0.5041128211346149
1,1,1,0.7353881488286629,1.0,0.39615607122195795,0.7353881488286629,0.75,0.39615607122195795,0.22481801041550195,0.7259688310621364,-0.6995441668289832
1,1,1,0.6905497779448411,0.723889337533359,0.6197947587142739,0.6905497779448411,0.723889337533359,0.6197947587142739,1.6508428164111666,0.1341793873882035,1.018455163243201
1,1,1,1.0,0.670038204461204,0.7122258883473249,0.75,0.670038204461204,0.7122258883473249,0.7350846459738777,0.03277857637592279,0.9798406387958364
1,1,1,1.0,0.6168852839606489,0.730239664076633,0.75,0.6168852839606489,0.730239664076633,0.7891377212016998,0.29646578225417275,0.8006943414464613
1,1,1,1.0,1.0,0.6315766693789929,0.75,0.75,0.6315766693789929,1.2521974465535828,0.23135508699055293,-0.5363138736357038
-1,-1,1,0.46772424163985704,0.602886986621381,0.524327113718461,0.46772424163985704,0.602886986621381,0.524327113718461,-1.0752725466200936,0.2536662017431425,0.7387736799178015
0,1,1,0.753116139299303,0.781978980490147,0.7559173417209929,0.753116139299303,0.781978980490147,0.7559173417209929,-0.33933401064991975,0.3947412637881738,0.6833382886064898
-1,-1,-1,0.404553511639816,0.410838908408336,0.496889411223669,0.404553511639816,0.410838908408336,0.496889411223669,-2.1855567526897426,-0.45452701956126557,-0.3196567479455763
1,1,1,0.663805822043482,0.647809632532461,0.601091559235909,0.663805822043482,0.647809632532461,0.601091559235909,0.7077349441801333,2.0131138771321404,0.7939545942915016
1,1,1,0.8639581538978641,1.0,0.6874683073594541,0.8639581538978641,0.75,0.6874683073594541,-0.015974850365055512,0.04205443093350332,0.509470095842322
1,1,1,1.0,0.6287912031181441,0.558252765236365,0.75,0.6287912031181441,0.558252765236365,0.9463292759690394,-0.7143126215745078,0.36938683770209646
1,1,1,0.6726420997446351,0.6397981340394311,0.5828605223992149,0.6726420997446351,0.6397981340394311,0.5828605223992149,0.6378843448030378,0.5996152034646404,0.9676469171688595
-1,-1,-1,0.0,0.0,0.0,0.25,0.25,0.25,-1.203512253575662,-1.7148508846148283,-1.993419769011471
1,1,0,1.0,1.0,1.0,0.75,0.75,0.75,0.14120938215892137,0.8356798440399263,0.05090677913971716
1,1,1,1.0,1.0,1.0,0.75,0.75,0.75,0.7910330247707442,0.43558747270619247,-0.33668864938059034
1,-1,-1,1.0,0.0,0.0,0.75,0.25,0.25,0.3610716803353482,-1.054056920751979,-1.6647304319112357
1,1,1,1.0,1.0,1.0,0.75,0.75,0.75,0.7133695389011827,1.3226418758634302,1.1133752652436173
-1,-1,-1,0.0,0.0,0.0,0.25,0.25,0.25,1.254089085065246,-0.39607032765140043,-0.9374663428199355
0,1,1,1.0,1.0,1.0,0.75,0.75,0.75,0.8406843354564417,0.5886324753709602,0.46384667027837545
0,-1,-1,0.486411569749925,0.432430848856229,0.0,0.486411569749925,0.432430848856229,0.25,0.050741935659693316,-0.2873561298898121,-0.7157888171242645
1,1,1,0.664211145256665,0.7817103272553549,0.648682373213702,0.664211145256665,0.7817103272553549,0.648682373213702,0.6073037908303348,0.599107533929986,0.7364031039699988
-1,1,1,0.517067271994399,0.652629073089161,0.841058102156705,0.517067271994399,0.652629073089161,0.841058102156705,-1.4187834416179597,0.5020578339430921,0.9141875374282784
1,1,1,1.0,0.888181033552703,1.0,0.75,0.888181033552703,0.75,0.8706812686961656,1.445315632897012,1.8451707988200723
1,0,1,0.715104700480797,0.554756138699104,0.805983834337222,0.715104700480797,0.554756138699104,0.805983834337222,1.0346485843733428,0.23152554324024482,-0.8035895759663481
-1,0,-1,0.17655937264166396,0.4501945461230721,0.813706860669236,0.17655937264166396,0.4501945461230721,0.813706860669236,-0.9562713110582097,-0.8737395604951538,0.5112340248775152
1,1,1,0.6954072988689959,0.651938798055678,0.6478531813562851,0.6954072988689959,0.651938798055678,0.6478531813562851,1.1250774523169798,0.8914774041931349,1.9639196733734043
1,1,1,0.745648687761568,1.0,0.747417856449938,0.745648687761568,0.75,0.747417856449938,0.7747638551325109,1.0639111218669424,1.341543035322019
0,0,1,0.644550276003896,1.0,0.592998198325502,0.644550276003896,0.75,0.592998198325502,1.2883358225903052,0.5862699429039245,-0.033894601051400325
-1,1,1,0.556574222168573,0.580073709857594,0.580678755462244,0.556574222168573,0.580073709857594,0.580678755462244,0.428507055155521,-0.16941789816466213,0.42351728793785653
1,1,1,0.541175291693545,0.5261263663023189,0.591054263324349,0.541175291693545,0.5261263663023189,0.591054263324349,0.639303826286351,-0.40607686785198155,0.5645155784970856
-1,-1,-1,0.49972679296440004,0.37529349958722397,0.334101590504766,0.49972679296440004,0.37529349958722397,0.334101590504766,-0.7550398306042866,-0.4151936989102125,-1.1605560661101
1,1,1,0.642046282798834,0.672538703554093,0.656488760743153,0.642046282798834,0.672538703554093,0.656488760743153,-0.7730492650286961,-0.32650484485530695,0.3395741890130077
1,1,1,0.578691922802001,0.514923940065498,0.549701479237213,0.578691922802001,0.514923940065498,0.549701479237213,0.5483346627157195,-0.4675347052760206,0.32957073310603213
-1,-1,-1,0.48687033820374,0.340590846994536,0.37981930825710497,0.48687033820374,0.340590846994536,0.37981930825710497,-0.6290431462193085,-2.315290312438497,-0.7168143217907412
0,-1,-1,0.425080685501278,0.38968327558440297,0.381790715240253,0.425080685501278,0.38968327558440297,0.381790715240253,-0.09201611622741104,-2.0188292141611104,-0.4491772965501659
-1,1,1,0.5069362945904651,0.503550150225454,0.49336095256545903,0.5069362945904651,0.503550150225454,0.49336095256545903,-0.29364374799055254,-1.417466274765933,0.6128263671609582
0,-1,-1,0.479575808593174,0.3622373055888689,0.34487090134042203,0.479575808593174,0.3622373055888689,0.34487090134042203,0.08568019751942971,-1.2421788216880847,-2.059921023117962
-1,-1,-1,0.464015994512831,0.46931339346589296,0.0,0.464015994512831,0.46931339346589296,0.25,-1.4355451294010757,-0.8751920357387334,-0.8649529375919597
1,1,1,0.68431023147988,0.540998044241445,0.580580892942871,0.68431023147988,0.540998044241445,0.580580892942871,0.19067408911379993,0.32924407775157977,0.23908113394796238
-1,1,1,0.520845639670449,0.521502424477105,0.614767568378794,0.520845639670449,0.521502424477105,0.614767568378794,-0.11678191172508412,0.7181775758848428,-0.36071279005102597
1,1,1,1.0,0.6983976038452329,1.0,0.75,0.6983976038452329,0.75,0.3072258419240243,0.11510927570452296,1.807785010411192
1,1,1,0.7553793328973191,0.7607844867246041,1.0,0.7553793328973191,0.7607844867246041,0.75,0.5412622455823036,0.418773779306604,-0.3186167354131526
1,1,1,1.0,0.6224057118772309,0.6104244331201479,0.75,0.6224057118772309,0.6104244331201479,1.685582672230259,0.569356185871357,-0.29381340739971235
1,1,1,0.583793628963313,1.0,0.55565260703535,0.583793628963313,0.75,0.55565260703535,0.00601173168696273,0.4513993881582983,0.9268045506138587
-1,-1,-1,0.0,0.18177868578753303,0.0,0.25,0.18177868578753303,0.25,0.3491386846100916,-1.4014706495861993,-1.8015144459672292
1,1,1,0.71658414023127,0.6742535652779661,1.0,0.71658414023127,0.6742535652779661,0.75,0.5552318376726247,0.3946757193522876,1.072448155630778
1,1,1,0.5896974988444351,0.6143262932117249,0.6122682686441079,0.5896974988444351,0.6143262932117249,0.6122682686441079,0.8010125203298778,1.1127654423587807,-0.010899575177043479
-1,-1,-1,0.441991454098148,0.323585703841826,0.332691189105249,0.441991454098148,0.323585703841826,0.332691189105249,-0.874849646752833,-0.20876231823933802,-0.5228081796439208
-1,-1,-1,0.11971515464197502,0.20862550047644102,0.0,0.11971515464197502,0.20862550047644102,0.25,-1.8411683894893969,-0.0763181986365449,-0.7918710643114379
-1,-1,-1,0.31597469477899204,0.0,0.0,0.31597469477899204,0.25,0.25,-0.8079928818588034,-2.006318567061611,-1.3296431765913599
1,1,1,0.61522511102343,1.0,0.577385389152223,0.61522511102343,0.75,0.577385389152223,1.3435050707035059,0.5380776535491979,0.426857418776147
1,1,1,0.723202546536572,1.0,0.6743941734716401,0.723202546536572,0.75,0.6743941734716401,1.2266911620534917,0.6946253987702059,0.1941527689317612
1,1,0,1.0,1.0,0.53454906249321,0.75,0.75,0.53454906249321,-0.3494433280096392,0.8666873409797954,0.9874222103981901
1,1,1,0.6871633279600811,1.0,0.713103066984811,0.6871633279600811,0.75,0.713103066984811,0.30270110999267613,0.12058258714185202,-0.8394882521109706
-1,0,1,0.350737659202213,0.524646572419312,0.5647866905978189,0.350737659202213,0.524646572419312,0.5647866905978189,-0.8325602173445992,-0.8265970651224952,-0.22458594097897533
-1,-1,1,0.47674655537053,0.5370064164059449,0.543057761227631,0.47674655537053,0.5370064164059449,0.543057761227631,0.043235540712415914,0.04243075459198688,0.4218944893994815
1,1,1,1.0,1.0,1.0,0.75,0.75,0.75,1.6109448503335957,0.7510006518159235,2.8342940304497533
1,1,1,0.656919141421355,1.0,1.0,0.656919141421355,0.75,0.75,1.5022449330992813,2.6045695883426867,0.5448407079143256
1,1,1,1.0,1.0,1.0,0.75,0.75,0.75,0.04455612338498346,0.410123109388676,0.16006094954484212
1,1,1,1.0,1.0,1.0,0.75,0.75,0.75,0.1317362278425213,-0.3286062782701193,0.8576124722525111
-1,-1,-1,0.3801432902620371,0.322946107784431,0.0,0.3801432902620371,0.322946107784431,0.25,-0.12863260449829295,-1.0458172469044922,-1.4738236898666979
1,1,1,1.0,0.7197779605263158,1.0,0.75,0.7197779605263158,0.75,-0.41019863175609445,0.6794494701456982,1.6919550732956954
-1,-1,-1,0.38860015232292494,0.0,0.251533742331288,0.38860015232292494,0.25,0.251533742331288,0.6027665027678015,-1.0917940090465792,-1.9881329796434697
-1,-1,-1,0.282331186994312,0.317425245922998,0.287626004605554,0.282331186994312,0.317425245922998,0.287626004605554,-0.2896299967306737,-1.6332140269611757,-0.4938322040690863
0,1,1,1.0,0.6578239594987061,0.6349143939664721,0.75,0.6578239594987061,0.6349143939664721,0.06855596276892807,0.17174154149945237,0.5237180651628998
1,1,1,0.672255225949005,1.0,1.0,0.672255225949005,0.75,0.75,0.538053386733516,-0.17490150508069005,-0.05738088573379876
1,1,1,1.0,0.720436455040561,1.0,0.75,0.720436455040561,0.75,0.5956855527936852,0.5306188466868943,1.0606595935030094
-1,-1,-1,0.318979020791774,0.307318945116795,0.29597074480748903,0.318979020791774,0.307318945116795,0.29597074480748903,-0.5035624496544339,-1.6200830199250835,-1.6919674660878727
1,1,1,1.0,1.0,1.0,0.75,0.75,0.75,0.8113199668147036,0.4923106784807419,1.148197410438222
1,1,1,1.0,1.0,1.0,0.75,0.75,0.75,1.080782015310839,-0.2613117807587806,2.262636570423283
1,1,1,1.0,0.606110815235615,0.660407435657905,0.75,0.606110815235615,0.660407435657905,-0.16746982787917433,0.9493510160634155,0.6533042157393285
1,1,1,0.736294938494577,0.6969551349752859,0.605625348368563,0.736294938494577,0.6969551349752859,0.605625348368563,1.1853567396873848,1.3867966845464048,-0.06198991790299149
0,-1,-1,0.443553961096666,0.257793703869836,0.306691031576651,0.443553961096666,0.257793703869836,0.306691031576651,-0.12920180784652566,-2.810469114160795,-1.1920431664825188
-1,-1,-1,0.0,0.0,0.0,0.25,0.25,0.25,-0.29692783643711973,-2.6077738039085285,-2.1119614214241618
-1,-1,-1,0.257432425822483,0.260214535374232,0.0,0.257432425822483,0.260214535374232,0.25,-0.647404080000294,-0.7067492884121136,-1.192349792210972
1,1,1,0.7961046491197242,0.587156518947859,0.5080898373748,0.7961046491197242,0.587156518947859,0.5080898373748,1.005257248308288,1.2609297605754566,0.7655504816696379
1,1,1,0.668145317227416,0.504037416892133,0.43159590380853796,0.668145317227416,0.504037416892133,0.43159590380853796,1.8098662057575097,0.5146892090268762,-1.0547560498510116
-1,-1,-1,0.413471157052351,0.285493282670647,0.25637473176829895,0.413471157052351,0.285493282670647,0.25637473176829895,-1.0406404217273442,-0.6466847361922003,-0.3597999736500317
1,1,1,0.791079904907079,0.7289931993548109,0.6972530535705238,0.791079904907079,0.7289931993548109,0.6972530535705238,0.26487411044447723,1.012413453124316,1.3055880687570864
0,1,1,0.501634213650309,0.6830366625600072,0.588537405377904,0.501634213650309,0.6830366625600072,0.588537405377904,-0.4583347058361401,1.2295057505230245,0.45947028704065324
1,1,1,0.819341317365269,0.786288002154935,0.8066456629957829,0.819341317365269,0.786288002154935,0.8066456629957829,1.6834073479370377,0.25483588378095356,2.0309561801365352
1,1,1,0.7222514466070491,0.753580289315395,0.653462673563176,0.7222514466070491,0.753580289315395,0.653462673563176,0.16205557690393615,1.2892500679428822,0.15943100240246152
0,1,1,0.866843187885684,1.0,0.8499223170888149,0.866843187885684,0.75,0.8499223170888149,-0.15866739183720388,0.6735264860189821,1.2472564711350058
0,-1,-1,0.471287455474502,0.37251587621820703,0.232246372533972,0.471287455474502,0.37251587621820703,0.232246372533972,0.14953966675832941,-0.31217679641904617,-0.034044082367736254
0,-1,-1,0.43862656670128497,0.47365422087007003,0.440442803335825,0.43862656670128497,0.47365422087007003,0.440442803335825,-0.11377562946926675,-0.07402310248427603,0.22942392423430027
1,1,1,0.7326625644437049,0.6486874487284661,0.613023199303413,0.7326625644437049,0.6486874487284661,0.613023199303413,0.2902010267994546,-0.36337285503441313,1.762466361281853
1,1,0,0.7812994702613059,1.0,0.803878956251587,0.7812994702613059,0.75,0.803878956251587,1.1409460162752334,0.5588109897578994,-0.28478907109118423
1,1,1,0.761816154827119,1.0,0.735746949551823,0.761816154827119,0.75,0.735746949551823,0.9883192637716361,1.2961152495914157,0.0924983104332237
-1,-1,-1,0.293812893592157,0.278288825512056,0.30411551119045,0.293812893592157,0.278288825512056,0.30411551119045,-1.896851320348182,0.27852308344060167,-1.389545570327163
1,1,1,1.0,0.730922046560318,0.799912816041848,0.75,0.730922046560318,0.799912816041848,1.0085995530600687,1.7772784835504019,0.9096580030239465
-1,-1,-1,0.31122015664810804,0.19778516057585802,0.0,0.31122015664810804,0.19778516057585802,0.25,-1.6815960975412179,-1.2722179790295198,0.09480684339748983
-1,0,-1,0.237879889946555,0.43765627557557396,0.0,0.237879889946555,0.43765627557557396,0.25,-1.3173124078024192,-0.7019474193848322,-1.4791198812465254
1,1,1,0.539355079860263,0.573930744926737,0.574014355560179,0.539355079860263,0.573930744926737,0.574014355560179,0.040984545292595743,-0.371733546123321,2.038233770715195
1,1,1,1.0,1.0,0.6947633716045929,0.75,0.75,0.6947633716045929,0.11889810646395267,1.2282697316916693,0.9567816660247055
1,1,1,0.5918638364145811,1.0,1.0,0.5918638364145811,0.75,0.75,-0.5992404394017901,0.9315740508185641,0.6889072555882492
0,1,1,0.76825334766885,0.764771005349909,0.6961431429819921,0.76825334766885,0.764771005349909,0.6961431429819921,0.05412416129519605,0.8529006344021076,0.21321220526925952
-1,-1,-1,0.27694274186096696,0.198784849544742,0.379871925893284,0.27694274186096696,0.198784849544742,0.379871925893284,-1.4245891068535501,-1.7308472632499352,-1.3292793712373019
1,0,1,0.804001865745389,0.624379390482227,1.0,0.804001865745389,0.624379390482227,0.75,1.4031656709595641,0.07004644616072296,2.08576015597319
1,1,1,1.0,1.0,0.653975981387593,0.75,0.75,0.653975981387593,-0.3480756521610577,1.2849186002916362,0.715856014286443
1,1,1,1.0,0.745405905442908,0.6713822277109099,0.75,0.745405905442908,0.6713822277109099,2.502097477504628,0.16278170131908162,1.362662528541565
1,1,1,0.694711079165491,1.0,0.5547320911118531,0.694711079165491,0.75,0.5547320911118531,1.919215204176967,0.35651723864588936,-0.07208680987879201
1,1,1,0.649128990474848,0.743440341436259,1.0,0.649128990474848,0.743440341436259,0.75,0.2594847175351455,-0.016700369500355083,1.067379412628
1,1,1,0.7125093321257671,0.613012872865865,0.51952037870315,0.7125093321257671,0.613012872865865,0.51952037870315,-1.100429539902404,1.0843070276946154,-0.42645573019081245
0,-1,-1,0.28657447082612203,0.278829967151902,0.0,0.28657447082612203,0.278829967151902,0.25,-2.4317854878048433,-1.7615081819531868,-1.2512348845339734
1,1,1,0.75902359450084,0.733421925934628,0.659138072071296,0.75902359450084,0.733421925934628,0.659138072071296,0.44513341966894954,1.7346137772145602,1.2853924952550246
-1,-1,-1,0.0,0.29334062462024496,0.434131067817967,0.25,0.29334062462024496,0.434131067817967,-0.8046589965587013,-0.7416109013015543,-0.8224756131194069
0,-1,-1,0.35424952206446997,0.0,0.3865930340169,0.35424952206446997,0.25,0.3865930340169,-1.4566830963533832,-0.28901387720187255,-1.1908050301543183
-1,-1,-1,0.351489200249329,0.32202146122674496,0.352451110583039,0.351489200249329,0.32202146122674496,0.352451110583039,0.6959196624752985,-0.6898215604780709,-1.466815837108281
1,1,1,0.683682542137003,0.6992987274749489,0.6371319139698239,0.683682542137003,0.6992987274749489,0.6371319139698239,1.4941669508074387,1.244932908593931,1.247945139886083
0,1,1,0.514642746325915,0.627351445652405,0.60670763342057,0.514642746325915,0.627351445652405,0.60670763342057,0.03233689631198199,1.2276038512482466,0.22615332492262596
-1,1,1,0.518614605598795,0.780437879479413,0.713605200403559,0.518614605598795,0.780437879479413,0.713605200403559,0.2964344328225598,0.3170174394048555,-0.6399423266361427
-1,-1,0,0.30204874792115005,0.269244084321229,0.45948809221120396,0.30204874792115005,0.269244084321229,0.45948809221120396,-1.4304532499826814,-0.6437518852803438,-1.1948118340871825
0,-1,-1,0.302278839674962,0.248692745565263,0.311434054205567,0.302278839674962,0.248692745565263,0.311434054205567,-0.6904254770562295,-1.5043922852987546,-1.4107841027454133
-1,-1,-1,0.340305828955769,0.361150506681645,0.35499439588909404,0.340305828955769,0.361150506681645,0.35499439588909404,-0.9319753251496835,-1.1640458032804246,-1.1522998079154978
-1,-1,0,0.331286471854268,0.342147127935431,0.530063567244173,0.331286471854268,0.342147127935431,0.530063567244173,-0.8551332318678513,-0.7091558078162886,0.17905811106448136
1,1,1,0.543539614798247,0.65223109153745,0.636200763378599,0.543539614798247,0.65223109153745,0.636200763378599,0.31813901828936786,0.4501855722765523,0.29986850181000657
1,1,1,0.6166680231138599,0.607740282471281,0.611333000499251,0.6166680231138599,0.607740282471281,0.611333000499251,0.0001279599878066679,0.649884645737721,0.9092551545039774
-1,-1,-1,0.46532937880617997,0.44475144416466295,0.370388019949343,0.46532937880617997,0.44475144416466295,0.370388019949343,0.3054724141920206,-0.20636318084699054,-0.8992470020385741
0,1,1,0.551207074849339,0.655054328235234,0.641156733092474,0.551207074849339,0.655054328235234,0.641156733092474,0.9270531762774611,0.6243374268916762,-0.5565239614737739
-1,-1,-1,0.415871305418719,0.414935079273948,0.36532813371839895,0.415871305418719,0.414935079273948,0.36532813371839895,-0.9747686483888525,0.04882264704492644,-0.3740227888660834
-1,0,-1,0.29101822684031503,0.48321014455298794,0.297849020413755,0.29101822684031503,0.48321014455298794,0.297849020413755,-1.0088924213031238,-0.5384421125563607,-1.2793360656500627
-1,-1,-1,0.371220020855057,0.0,0.0,0.371220020855057,0.25,0.25,-0.735464732874318,-1.2129030864413,-1.8633470973477086
1,1,1,0.712966823515397,0.7310933220981669,0.7445919300451508,0.712966823515397,0.7310933220981669,0.7445919300451508,0.33525615005553533,0.40817002418609666,1.2437999962869524
-1,-1,-1,0.48440039916902505,0.401957335209646,0.456465905134757,0.48440039916902505,0.401957335209646,0.456465905134757,-0.16510548928462557,0.803238100144023,-0.2050194078148231
0,1,1,0.5578512996054771,0.582969829625509,0.591289677580605,0.5578512996054771,0.582969829625509,0.591289677580605,-0.5445351423439397,0.13281355950910906,0.20321530712848604
-1,-1,0,0.329630518419891,0.315935757939453,0.6155036348792909,0.329630518419891,0.315935757939453,0.6155036348792909,-0.8929846521255886,-1.1679526925072632,-0.3137681725844522
-1,-1,-1,0.305281405871567,0.323238619143741,0.44906519882319396,0.305281405871567,0.323238619143741,0.44906519882319396,-1.1026732812111075,0.15019283122121588,-1.264093854365854
1,1,1,0.7173770832251701,0.688845881967552,0.491556687898089,0.7173770832251701,0.688845881967552,0.491556687898089,1.4694616246883367,0.6631330946857992,0.6566033336702327
0,-1,-1,0.40465393794749394,0.395866109223027,0.328888284805284,0.40465393794749394,0.395866109223027,0.328888284805284,-0.3451126506658392,-0.1844875128022509,-1.289508638716484
1,1,1,0.759467684975164,0.7117695894726221,0.634415313191641,0.759467684975164,0.7117695894726221,0.634415313191641,0.16361118100180572,-0.9495384369242003,-0.22872551496810517
1,1,1,0.7015959772627901,1.0,0.58176800048527,0.7015959772627901,0.75,0.58176800048527,1.0088478917591883,0.7953997712298574,-0.3158970715955873
1,1,1,0.7729497817006559,0.79851933358051,0.771784471286723,0.7729497817006559,0.79851933358051,0.771784471286723,0.39345675238305833,0.9052207088329453,-0.6657971973295579
1,1,1,0.738540547243118,0.7335177041678609,0.680716679556587,0.738540547243118,0.7335177041678609,0.680716679556587,1.2675839633497747,0.493238790165724,0.8514679340803444
1,1,1,0.6656231741113791,0.684172824004765,0.6050641893748969,0.6656231741113791,0.684172824004765,0.6050641893748969,-0.44577699772577567,-0.939466937244072,0.30718603046261594
1,1,1,0.6131192106323001,0.680790984016817,0.612969993186091,0.6131192106323001,0.680790984016817,0.612969993186091,0.60602014998531,-0.5832961317338871,0.5865632645814952
1,1,1,0.697155844953621,0.7295940283120629,0.5842640501754539,0.697155844953621,0.7295940283120629,0.5842640501754539,0.42351746935908,1.1870958384612509,0.6731581823745002
1,1,1,0.7257939448244959,1.0,0.626808653978656,0.7257939448244959,0.75,0.626808653978656,0.1849027616939891,1.4582154754273677,1.8384557983100096
1,1,1,0.7408286364085831,0.74403428559739,0.6962617751761719,0.7408286364085831,0.74403428559739,0.6962617751761719,0.32568944932134797,1.146025769220827,0.8446857605464769
0,0,-1,0.38472259092115707,0.471189227124506,0.35627767748306605,0.38472259092115707,0.471189227124506,0.35627767748306605,-1.1788540103790524,0.7532337352325162,-0.6263618458222144
1,1,1,0.6972871479443189,0.692414602359346,0.619423274056246,0.6972871479443189,0.692414602359346,0.619423274056246,0.22432388724797633,0.37089713605027785,0.14872329235023077
-1,-1,0,0.267312708538027,0.374040140401404,0.48480833242990395,0.267312708538027,0.374040140401404,0.48480833242990395,-2.321268417481069,-0.5521898380676583,-0.5369826822539138
1,1,1,0.7233776170271959,0.7122585754828492,0.661849966957576,0.7233776170271959,0.7122585754828492,0.661849966957576,0.5556820804044078,0.04202525056521014,0.12885644013980152
1,1,1,0.8032682073750921,0.708280316233183,0.770935154289259,0.8032682073750921,0.708280316233183,0.770935154289259,1.5889850976182154,0.241069465726984,0.8822972992675838
-1,-1,-1,0.39792770005899497,0.285331332943552,0.5454347381139449,0.39792770005899497,0.285331332943552,0.5454347381139449,-2.059301907023832,0.28185952935394243,-0.9483991161678335
1,1,1,0.7127055138460671,0.6993919298577459,1.0,0.7127055138460671,0.6993919298577459,0.75,1.1813420567724566,0.5956152528309612,-0.35207637968033423
-1,-1,-1,0.271223624678205,0.49124568642325,0.4486916486974771,0.271223624678205,0.49124568642325,0.4486916486974771,-0.20267344013464783,0.12451049624652687,-0.9764165759684581
-1,-1,-1,0.27386937480448703,0.27594566223044603,0.365606554983349,0.27386937480448703,0.27594566223044603,0.365606554983349,-0.4430232545890873,-0.15249584894307602,-0.8608564711773138
0,0,-1,0.2920728668128,0.293980976991812,0.36807532296912604,0.2920728668128,0.293980976991812,0.36807532296912604,-0.9458680145107927,-0.8171669754487316,-0.2979967852898196
-1,-1,-1,0.23786271417151,0.27206148841567396,0.36196729784334897,0.23786271417151,0.27206148841567396,0.36196729784334897,-1.4927127512557852,-0.6702960136065776,-0.10851555172406933
1,1,1,0.674020886279645,0.657024022182526,0.643589439594656,0.674020886279645,0.657024022182526,0.643589439594656,1.1323925243110333,0.6228788092381267,0.059581157505601924
1,1,1,1.0,0.7525743418887241,0.728967392965193,0.75,0.7525743418887241,0.728967392965193,0.1441022925763075,-0.07942603083359619,0.5117452823617804
1,1,1,0.7812087227414329,1.0,0.7387052701063851,0.7812087227414329,0.75,0.7387052701063851,0.8938305187980663,0.3284042362979424,0.8956343600062177
1,1,1,0.650673618435454,0.703415942543004,0.636868179851946,0.650673618435454,0.703415942543004,0.636868179851946,1.0900661999406773,0.45527043663729627,0.6318937152986158
1,1,1,0.650144570792578,0.694999556325629,0.60979080115707,0.650144570792578,0.694999556325629,0.60979080115707,1.0072292844047235,2.1062141504182037,-0.14163006453945862
1,1,1,0.781776138674858,0.7930962252430551,0.765835969446802,0.781776138674858,0.7930962252430551,0.765835969446802,1.6136348829129177,0.6857430794108845,0.39363184235847104
1,1,0,0.8533047922764408,0.8584099228911909,0.809885811620718,0.8533047922764408,0.8584099228911909,0.809885811620718,0.676884041898145,0.6814885538459026,1.4661288958649035
1,1,1,0.637868792573651,0.6224092483159039,0.611214199273901,0.637868792573651,0.6224092483159039,0.611214199273901,1.798293465270226,0.040923545536159865,0.17800734102408172
1,1,1,0.7177983768892859,0.736979318805866,0.671461059449677,0.7177983768892859,0.736979318805866,0.671461059449677,0.21733690385029542,1.689572557307014,0.9004676242219172
1,1,1,0.699380308612477,0.693365421826625,0.615248738284066,0.699380308612477,0.693365421826625,0.615248738284066,0.7743079246702794,-0.09920304431058123,-0.18778867763025087
-1,-1,-1,0.272098149865216,0.275149314348512,0.330306574938705,0.272098149865216,0.275149314348512,0.330306574938705,-2.1917810805537328,-1.4524137492962397,-1.5337476747696053
1,1,1,0.603327185339306,0.6437804545549879,0.60702519908367,0.603327185339306,0.6437804545549879,0.60702519908367,1.0525798542368692,2.0727881159820507,0.8762661687740126
-1,-1,-1,0.231473148220854,0.282048742219352,0.352153946148683,0.231473148220854,0.282048742219352,0.352153946148683,-0.6882722269292789,-1.5402102407478384,-1.2264416075490983
1,1,1,0.5711298600652149,0.5597060127848751,0.5271092669432921,0.5711298600652149,0.5597060127848751,0.5271092669432921,0.22779102166710022,-0.6052014891126832,-2.006256842072532
-1,-1,-1,0.363159647078409,0.33970827808296994,0.473777514469307,0.363159647078409,0.33970827808296994,0.473777514469307,-0.5140688770549172,0.08914417447642,-0.5836845009430189
-1,-1,-1,0.43396452848950295,0.37404078835597404,0.41910142536497397,0.43396452848950295,0.37404078835597404,0.41910142536497397,-0.40192060393880513,0.2462434349143616,-0.4108120988815976
-1,-1,-1,0.23545393932659198,0.235470969023393,0.320381568657884,0.23545393932659198,0.235470969023393,0.320381568657884,-0.039244911864894504,-1.9183050247468245,-1.0620424358908995
-1,0,-1,0.387041991273345,0.308268237862096,0.32362894869430503,0.387041991273345,0.308268237862096,0.32362894869430503,-0.6850613397425598,-1.2748123900399349,-0.8670025395673554
-1,-1,-1,0.309315241335802,0.320032514188669,0.469552303207582,0.309315241335802,0.320032514188669,0.469552303207582,-1.6402717173568484,-1.2126177936694942,0.8546623327988846
-1,0,-1,0.253184357541899,0.339475475958597,0.38058365714674103,0.253184357541899,0.339475475958597,0.38058365714674103,-1.3421014697985216,-1.2664608516936957,-1.5782378817428766
-1,-1,-1,0.24711241701796396,0.263654778399648,0.0,0.24711241701796396,0.263654778399648,0.25,-1.2084611199326833,-0.5051122317129676,-0.5904783091412845
1,1,1,0.6599292902839611,0.6205854812141589,0.49159846198871704,0.6599292902839611,0.6205854812141589,0.49159846198871704,1.553746973328652,0.27820898226449886,0.07794373207673601
-1,-1,-1,0.216216216216216,0.244993490971274,0.0,0.216216216216216,0.244993490971274,0.25,-1.2066396794578438,0.0645220018732431,-0.8966404575219751
1,1,1,0.6170383380037391,0.695885758931852,0.674941843232708,0.6170383380037391,0.695885758931852,0.674941843232708,-0.08432692154222515,1.0416795104188237,0.14481213533157192
-1,-1,-1,0.39813450633313896,0.37337678566073207,0.31962642654774104,0.39813450633313896,0.37337678566073207,0.31962642654774104,-0.8121925282567569,-1.2726058454857887,-0.7360382652795701
1,1,1,0.8599680975032,1.0,0.8084468937398491,0.8599680975032,0.75,0.8084468937398491,2.018036392581603,0.05043971576863411,0.17956973819078717
1,1,1,0.5406717410431121,0.719846320245781,1.0,0.5406717410431121,0.719846320245781,0.75,-0.715014079770654,1.7606702103388656,2.522002505302174
-1,-1,-1,0.39525255048127705,0.498409599092999,0.550738088924246,0.39525255048127705,0.498409599092999,0.550738088924246,-0.09151307288690122,-0.5828796530638124,0.3719358888622828
-1,-1,-1,0.48617477683488397,0.446129838384059,0.47953170873403705,0.48617477683488397,0.446129838384059,0.47953170873403705,0.9088468662271508,-0.545796805802285,-0.2442062207927213
1,1,1,0.721964873320726,1.0,0.550941806226484,0.721964873320726,0.75,0.550941806226484,0.07042173245055386,-0.13337666050191452,0.962399484086911
1,0,1,0.735501441845562,0.501437064812311,0.5375911957462589,0.735501441845562,0.501437064812311,0.5375911957462589,0.3053315256043754,-0.2793850430953961,-0.48585906971623344
-1,-1,-1,0.279359954990556,0.254708323774167,0.293402570530421,0.279359954990556,0.254708323774167,0.293402570530421,-1.1493122933621027,-0.265055586866191,-0.8620110461991111
1,1,1,0.7472300826831829,0.763887766212894,0.688106667332505,0.7472300826831829,0.763887766212894,0.688106667332505,0.9224969672386268,-0.027948956362879238,-0.42514313829296685
1,1,1,0.712112466692496,0.6759946308724829,0.613657703798549,0.712112466692496,0.6759946308724829,0.613657703798549,0.1386737277382187,1.4452784177845994,0.7835385946856785
1,0,1,0.726371327739734,0.7632876760455141,0.750400641025641,0.726371327739734,0.7632876760455141,0.750400641025641,-0.7159498863726581,0.6806290188461577,-0.17811564403882998
-1,-1,-1,0.34797936735422,0.29133686027011,0.437871307352031,0.34797936735422,0.29133686027011,0.437871307352031,-1.3532213989189736,-1.439195985992218,0.143544287688059
-1,-1,-1,0.42110979687464506,0.37345435275047295,0.48078980490874795,0.42110979687464506,0.37345435275047295,0.48078980490874795,-1.266810711255802,-0.9713397410176344,-0.5882313356991641
0,-1,0,0.387485867374527,0.440966971057827,0.6078428930786279,0.387485867374527,0.440966971057827,0.6078428930786279,-0.5948913775912367,-0.8819160350750462,0.07623808626581435
1,1,0,0.777821747350833,1.0,0.6838465100127329,0.777821747350833,0.75,0.6838465100127329,0.6012275295823881,0.6918677433839779,1.6757718719948966
