{"chunk_definitions":[{"chunk_id":"csetup_chunk","chunk_label":"setup","document_id":"D4C3CBCD","expansion_state":0,"options":{"engine":"r","include":false,"label":"setup"},"row":15,"row_count":1,"visible":true},{"chunk_id":"cn7wkvwcfdmzn","chunk_label":"dataSetup","document_id":"D4C3CBCD","expansion_state":0,"options":{"echo":false,"engine":"r","label":"dataSetup"},"row":27,"row_count":1,"visible":true},{"chunk_id":"cmz5zifqk4pug","chunk_label":"qqPlot","document_id":"D4C3CBCD","expansion_state":0,"options":{"echo":false,"engine":"r","label":"qqPlot","warning":false},"row":51,"row_count":1,"visible":true},{"chunk_id":"cazc89s5dnf1y","chunk_label":"tipRateVsSex","document_id":"D4C3CBCD","expansion_state":0,"options":{"echo":false,"engine":"r","label":"tipRateVsSex","warning":false},"row":82,"row_count":1,"visible":true},{"chunk_id":"cteadbz5lqpcp","chunk_label":"tipRateVsSmoker","document_id":"D4C3CBCD","expansion_state":0,"options":{"echo":false,"engine":"r","label":"tipRateVsSmoker","warning":false},"row":103,"row_count":1,"visible":true},{"chunk_id":"cdkb1xeu6rhj5","chunk_label":"tipRateCombined","document_id":"D4C3CBCD","expansion_state":0,"options":{"echo":false,"engine":"r","label":"tipRateCombined","warning":false},"row":123,"row_count":1,"visible":true},{"chunk_id":"clpcklliguvz4","chunk_label":"partySizeGrouping","document_id":"D4C3CBCD","expansion_state":0,"options":{"echo":false,"engine":"r","label":"partySizeGrouping","warning":false},"row":149,"row_count":1,"visible":true},{"chunk_id":"c2qgb854dqsmh","chunk_label":"tipRateVsGroupSize","document_id":"D4C3CBCD","expansion_state":0,"options":{"echo":false,"engine":"r","label":"tipRateVsGroupSize","warning":false},"row":174,"row_count":1,"visible":true},{"chunk_id":"c456op8zxjh6r","chunk_label":"sharePerPerson","document_id":"D4C3CBCD","expansion_state":0,"options":{"echo":false,"engine":"r","label":"sharePerPerson","warning":false},"row":210,"row_count":1,"visible":true}],"chunk_rendered_width":700,"default_chunk_options":{"echo":true},"doc_write_time":1601927014,"working_dir":null}